Iteración,Turbinas agregadas,Energia producida [MW],Tiempo de cálculo [s],Ruido receptor 1 [dB],Ruido receptor 2 [dB],Ruido receptor 3 [dB],Ruido receptor 4 [dB],Ruido receptor 5 [dB],Ruido receptor 6 [dB],Ruido receptor 7 [dB]
1,50,86981.0,0.0539158,32.83,39.31,35.46,39.96,29.66,19.76,19.47
2,40,70011.99999999999,7.5853643,32.1,38.76,34.45,39.57,27.96,18.77,18.46
3,40,70012.0,5.6329749,32.29,39.33,34.62,38.96,28.17,18.82,18.53
4,40,70454.5,4.6274415,32.11,39.42,34.44,38.58,28.43,18.9,18.57
5,40,70454.5,4.6677298,31.97,39.77,34.3,38.26,28.44,18.93,18.59
6,40,70454.5,4.5741731,31.84,38.87,34.3,38.08,28.46,18.94,18.61
7,40,70454.5,4.8379357,32.04,39.53,34.49,38.17,28.5,18.97,18.67
8,40,70454.5,4.6115441,31.8,38.86,34.24,37.93,28.57,19.01,18.69
9,40,70454.5,4.5584066,32.01,39.52,34.44,37.47,28.48,19.0,18.71
10,40,70454.5,4.5031319,31.77,38.85,34.22,37.31,28.66,19.06,18.74
11,40,70897.0,4.5165135,31.97,39.52,34.39,37.05,28.66,19.07,18.75
12,40,70897.0,4.832208,31.74,38.84,34.17,36.99,28.74,19.11,18.77
13,40,70897.0,4.4798591,31.95,39.51,34.36,36.99,28.77,19.1,18.78
14,40,70896.99999999999,4.4267704,31.72,38.84,34.14,36.96,28.83,19.15,18.8
15,40,70897.0,4.498011,31.94,39.51,34.35,36.97,28.72,19.13,18.79
16,40,70897.0,4.4349424,31.93,39.25,34.24,36.86,28.91,19.18,18.81
17,40,70897.0,4.4747073,31.69,38.4,34.03,36.79,29.01,19.23,18.86
18,40,71339.49999999999,4.5019287,31.49,37.92,33.85,36.85,29.04,19.24,18.87
19,40,71782.0,4.5566736,31.68,38.39,34.02,36.5,28.92,19.22,18.88
20,40,71782.00000000001,4.4688627,31.84,38.7,34.15,36.45,28.95,19.25,18.91
21,40,71781.99999999999,4.5055469,32.12,39.38,34.42,36.4,29.05,19.26,18.92
22,40,71782.0,4.4579029,32.28,39.77,34.73,36.47,28.97,19.25,18.93
23,40,71782.0,4.5493467,32.02,38.85,34.51,36.59,29.12,19.31,18.96
24,40,71782.00000000001,4.4920327,31.83,39.36,34.3,36.65,29.26,19.35,18.97
25,40,71781.99999999999,4.4913023,31.57,38.44,34.07,36.85,29.26,19.34,18.94
26,40,71782.0,4.4371553,31.75,39.08,34.19,36.72,29.29,19.37,18.99
27,40,71782.0,4.4475169,31.7,38.65,34.06,36.82,29.38,19.41,19.04
28,40,71782.0,4.5168622,31.9,39.3,34.18,36.5,29.41,19.43,19.04
29,40,71782.0,4.4487426,31.66,38.65,33.99,36.78,29.26,19.39,19.01
30,40,71782.0,4.4974774,31.8,38.05,34.2,36.85,29.28,19.42,19.06
31,40,71782.0,4.5488593,31.98,38.29,34.29,36.9,29.29,19.42,19.07
32,40,71781.99999999999,4.5031837,31.78,38.65,34.11,37.13,29.42,19.45,19.07
33,40,71782.0,4.485815,31.9,38.08,34.2,37.26,29.31,19.42,19.05
34,40,71782.0,4.4983302,31.69,37.65,34.06,37.53,29.47,19.46,19.08
35,40,71782.0,4.5811317,31.89,38.08,34.16,37.72,29.61,19.51,19.13
36,40,71782.0,4.4987755,32.07,38.33,34.21,37.96,29.69,19.52,19.14
37,40,71782.0,4.5062433,32.29,38.62,34.29,37.54,29.68,19.53,19.16
38,40,71782.0,4.471309,32.5,38.78,34.46,37.83,29.64,19.52,19.15
39,40,71782.0,4.5486827,32.72,38.79,34.66,37.5,29.76,19.54,19.17
40,40,71782.0,4.6081603,32.95,38.95,34.84,37.75,29.8,19.57,19.21
41,40,71782.0,4.582661,33.2,39.12,35.05,37.42,29.83,19.59,19.22
42,40,71782.00000000001,4.4964725,33.16,38.57,35.34,37.69,29.79,19.57,19.2
43,40,71782.0,4.4869734,33.43,39.11,35.32,38.04,29.82,19.57,19.19
44,40,71782.0,4.4715948,33.71,39.29,35.55,37.6,29.71,19.53,19.15
45,40,71782.0,4.4498142,33.92,38.72,36.02,37.88,29.92,19.59,19.18
46,40,71781.99999999999,4.7295888,34.24,39.28,35.96,38.31,29.98,19.61,19.2
47,40,71782.0,4.5344595,34.29,39.47,36.02,37.74,30.1,19.64,19.25
48,40,71782.0,4.728387,34.22,38.87,36.27,37.96,30.22,19.69,19.26
49,40,71782.0,4.513592,34.27,39.45,36.79,37.61,30.16,19.69,19.3
50,40,71782.0,4.4732127,34.39,39.64,37.5,38.11,30.16,19.68,19.28
51,40,71782.0,4.4780946,34.44,39.93,38.32,37.58,30.07,19.67,19.28
52,40,71782.0,4.7992659,34.42,39.05,38.79,37.91,30.15,19.69,19.31
53,40,71782.0,4.5523438,34.64,39.86,39.82,37.56,30.1,19.68,19.32
54,40,71782.0,4.5034231,34.38,38.97,39.75,38.16,30.07,19.66,19.3
55,40,71782.0,4.5832361,34.15,39.09,38.73,38.31,30.24,19.72,19.35
56,40,71782.0,4.4779454,34.44,39.54,38.8,37.92,30.22,19.72,19.33
57,40,71782.0,4.4494133,34.58,38.68,39.8,38.33,30.28,19.73,19.31
58,40,71782.0,4.6071428,34.33,38.78,38.73,38.33,30.2,19.71,19.32
59,40,71782.0,4.6561048,34.53,39.09,39.77,37.93,30.13,19.69,19.31
60,40,71782.0,4.4715756,34.3,39.18,38.72,38.31,30.18,19.72,19.34
61,40,71782.0,4.5389315,34.53,39.33,39.77,37.92,30.15,19.68,19.3
62,40,71782.0,4.5507047,34.3,38.73,39.72,38.32,30.29,19.73,19.32
63,40,71782.0,4.5013079,34.04,38.42,38.69,38.78,30.19,19.72,19.33
64,40,71781.99999999999,4.5862953,34.3,38.82,38.71,39.55,30.22,19.72,19.34
65,40,71782.0,4.9051116,34.51,39.34,39.76,38.71,30.24,19.72,19.35
66,40,71782.0,4.5900011,34.55,39.54,39.77,38.29,30.14,19.69,19.31
67,40,71782.0,4.593785,34.31,38.91,39.72,39.0,30.22,19.72,19.32
68,40,71782.0,4.4840976,34.75,39.48,39.84,39.81,30.21,19.72,19.33
69,40,71782.0,4.4370138,34.52,38.86,39.8,39.42,30.3,19.74,19.32
70,40,71782.0,4.5183269,34.75,39.49,39.84,38.66,30.21,19.71,19.33
71,40,71782.0,4.4267909,34.53,39.32,38.82,38.98,30.2,19.71,19.34
72,40,71781.99999999999,4.5259051,34.78,39.49,39.88,39.8,30.24,19.72,19.35
73,40,71782.0,4.4142589,34.81,39.66,39.92,38.96,30.24,19.72,19.35
74,40,71782.0,4.4114338,34.8,39.68,39.87,38.22,30.23,19.72,19.35
75,40,71782.0,4.5278786,34.59,39.52,38.86,38.71,30.1,19.69,19.33
76,40,71782.0,4.4413559,34.76,38.89,39.87,39.22,30.21,19.72,19.32
77,40,71781.99999999999,4.5856131,34.78,39.49,39.87,38.68,30.21,19.72,19.35
78,40,71782.0,4.5447273,34.79,39.68,39.86,38.21,30.22,19.71,19.34
79,40,71782.0,4.4771535,34.57,39.03,39.84,38.97,30.19,19.7,19.3
80,40,71782.0,4.5016366,34.8,39.68,39.86,39.78,30.23,19.72,19.35
81,40,71781.99999999999,4.4273223,34.83,39.85,39.87,38.92,30.21,19.71,19.33
82,40,71775.69999999998,4.4677862,34.83,39.27,39.87,39.76,30.23,19.72,19.35
83,40,71781.99999999999,4.4589905,34.88,39.52,39.9,38.9,30.23,19.72,19.35
84,40,71781.99999999999,4.3999346,34.63,38.92,39.84,39.16,30.24,19.72,19.32
85,40,71782.0,4.3770263,34.87,39.52,39.88,38.63,30.23,19.72,19.34
86,40,71782.0,4.4832019,34.76,39.51,39.42,39.47,30.23,19.72,19.34
87,40,71782.0,4.7159016,34.89,39.88,39.91,38.61,30.22,19.71,19.34
88,40,71782.0,4.8849728,34.86,39.72,39.9,39.46,30.22,19.71,19.34
89,40,71781.99999999999,4.6131965,34.88,39.88,39.89,38.62,30.21,19.7,19.33
90,40,71782.0,4.449798,34.88,39.88,39.89,38.14,30.22,19.71,19.33
91,40,71782.00000000001,4.9513214,34.65,39.22,39.86,38.62,30.19,19.7,19.32
92,40,71782.0,5.420211,34.41,39.06,38.86,39.14,30.24,19.71,19.31
93,40,71782.0,4.7421881,34.54,39.3,39.34,38.62,30.19,19.7,19.32
94,40,71782.0,4.6249008,34.6,38.53,39.83,39.15,30.29,19.73,19.32
95,40,71782.0,4.6557716,34.83,39.27,39.89,38.62,30.2,19.71,19.33
96,40,71782.0,4.509292,34.59,38.5,39.85,39.16,30.29,19.73,19.32
97,40,71782.0,4.6877684,34.83,39.27,39.88,38.33,30.19,19.7,19.32
98,40,71782.0,4.5552409,34.61,38.89,38.87,39.17,30.1,19.69,19.31
99,40,71782.0,4.6960276,34.83,39.27,39.89,38.33,30.18,19.7,19.32
100,40,71782.0,4.4576558,34.6,38.5,39.85,38.81,30.18,19.7,19.31
101,40,71782.0,5.5468686,34.71,39.27,39.37,39.65,30.19,19.71,19.34
102,40,71782.0,4.6424858,34.49,38.5,39.28,39.23,30.18,19.7,19.32
103,40,71782.0,4.5292089,34.7,39.06,39.39,38.75,30.22,19.71,19.34
104,40,71782.0,4.5502991,34.88,39.25,39.91,39.65,30.22,19.71,19.34
105,40,71782.0,4.4859018,34.88,39.88,39.9,38.74,30.21,19.71,19.34
106,40,71782.0,4.5441029,34.86,39.72,39.9,39.64,30.22,19.71,19.34
107,40,71782.0,4.6285368,34.89,39.88,39.9,38.73,30.21,19.71,19.34
108,40,71782.0,4.5611252,34.92,39.78,38.97,38.32,30.17,19.69,19.31
109,40,71782.0,4.4859463,34.68,39.05,38.94,38.78,30.21,19.71,19.33
110,40,71782.0,4.7719181,34.92,39.65,38.97,38.32,30.21,19.71,19.34
111,40,71782.0,4.659888,34.81,39.05,39.46,38.77,30.08,19.68,19.31
112,40,71782.0,4.5837934,34.95,39.65,39.95,38.34,30.2,19.7,19.3
113,40,71782.0,4.562337,34.73,39.04,39.93,38.77,30.27,19.72,19.31
114,40,71782.0,4.6725314,34.46,38.9,38.9,39.22,30.35,19.75,19.33
115,40,71782.0,4.6378068,34.24,38.87,39.77,39.22,30.28,19.72,19.3
116,40,71782.0,4.7381391,34.63,39.07,39.86,38.76,30.21,19.71,19.32
117,40,71782.0,4.7068015,34.83,39.25,39.9,39.64,30.22,19.71,19.35
118,40,71782.0,4.4526086,34.86,39.44,39.9,38.72,30.21,19.71,19.34
119,40,71782.0,4.5110084,34.64,38.67,39.87,39.2,30.21,19.71,19.34
120,40,71782.0,4.4548741,34.89,39.15,39.92,38.74,30.07,19.68,19.31
121,40,71782.0,4.4497549,34.64,39.1,38.9,39.2,30.2,19.71,19.33
122,40,71782.0,4.5120962,34.77,38.77,38.44,38.73,30.21,19.71,19.35
123,40,71782.0,4.464187,34.78,39.5,38.41,38.29,30.21,19.71,19.34
124,40,71782.0,4.5016444,34.8,39.67,38.42,37.92,30.14,19.68,19.32
125,40,71782.0,4.5633934,34.68,38.9,38.9,38.33,30.16,19.69,19.31
126,40,71782.0,4.4694301,34.92,39.61,39.94,39.12,30.21,19.7,19.31
127,40,71782.0,4.4565315,34.95,39.73,39.94,38.28,30.21,19.71,19.34
128,40,71782.0,4.4103046,34.72,39.47,38.92,39.14,30.09,19.69,19.31
129,40,71782.0,4.5200109,34.87,38.69,39.91,39.2,30.27,19.72,19.31
130,40,71782.0,4.529186,34.74,39.46,39.89,38.74,30.16,19.7,19.31
131,40,71781.99999999999,4.4447418,34.66,38.69,39.85,39.2,30.25,19.72,19.32
132,40,71782.0,4.496155,34.82,39.08,39.45,38.75,30.23,19.71,19.31
133,40,71782.00000000001,4.4784107,34.55,39.14,38.49,39.65,30.28,19.73,19.32
134,40,71782.0,4.4179318,34.73,38.36,39.42,39.69,30.34,19.75,19.33
135,40,71782.0,4.5153375,34.86,39.11,39.91,39.19,30.27,19.72,19.31
136,40,71782.0,4.7912402,34.92,39.44,39.94,38.73,30.19,19.7,19.33
137,40,71782.0,4.7457678,34.68,38.67,39.9,39.21,30.28,19.73,19.32
138,40,71782.0,5.1243742,34.9,39.44,39.92,38.74,30.2,19.7,19.31
139,40,71782.0,4.7226726,34.49,38.67,39.86,39.2,30.34,19.74,19.32
140,40,71782.0,4.5494542,34.91,39.44,39.94,38.74,30.18,19.7,19.3
141,40,71782.0,4.6315619,34.68,38.66,39.9,39.19,30.34,19.75,19.32
142,40,71782.0,4.5683333,34.92,39.44,39.95,38.76,30.16,19.69,19.29
143,40,71782.0,4.6087168,34.68,38.66,39.9,39.22,30.33,19.74,19.32
144,40,71782.0,4.4868058,34.92,39.44,39.95,38.75,30.32,19.73,19.31
145,40,71782.0,4.5184293,34.69,38.66,39.91,39.2,30.34,19.75,19.31
146,40,71781.99999999999,4.7328225,34.69,39.44,38.94,38.77,30.25,19.72,19.3
147,40,71782.0,4.5467581,34.92,39.73,38.97,39.62,30.25,19.72,19.31
148,40,71782.0,4.5576871,34.97,39.81,39.94,38.7,30.24,19.71,19.32
149,40,71782.0,4.3947573,34.99,39.85,39.93,39.61,30.18,19.7,19.32
150,40,71782.00000000001,4.454507,35.02,39.83,39.93,38.69,30.2,19.7,19.33
151,40,71781.99999999999,4.9177932,34.96,39.86,38.96,39.6,30.19,19.69,19.32
152,40,71782.0,4.5475224,34.73,39.83,38.12,38.69,30.2,19.7,19.33
153,40,71782.0,4.4313091,34.97,39.86,38.98,38.27,30.17,19.69,19.31
154,40,71782.00000000001,4.487749,34.96,39.14,39.95,38.71,30.23,19.7,19.3
155,40,71781.99999999999,4.4702882,34.98,39.85,39.91,39.6,30.18,19.7,19.31
156,40,71781.99999999999,4.6087228,35.02,39.83,39.93,38.68,30.2,19.7,19.33
157,40,71782.0,4.449875,35.03,39.75,39.91,39.59,30.2,19.7,19.33
158,40,71781.99999999999,4.5747707,35.08,39.64,39.92,38.68,30.2,19.7,19.33
159,40,71782.0,4.4564415,35.1,39.48,39.91,39.59,30.2,19.7,19.33
160,40,71782.0,4.4893501,35.11,39.48,39.92,38.68,30.19,19.69,19.32
161,40,71782.0,4.5246105,35.11,39.48,39.92,38.25,30.19,19.69,19.32
162,40,71781.99999999999,4.4921657,34.94,38.86,39.89,39.1,30.17,19.69,19.29
163,40,71782.0,4.42491,35.12,39.48,39.93,38.25,30.19,19.69,19.32
164,40,71782.0,4.5393639,34.91,39.34,38.9,38.72,30.08,19.66,19.27
165,40,71781.99999999999,4.4762511,35.11,38.72,39.91,39.17,30.31,19.72,19.29
166,40,71782.0,4.6074771,35.1,39.3,39.92,38.7,30.32,19.73,19.3
167,40,71782.0,4.6149746,35.1,39.49,39.92,38.26,30.15,19.68,19.28
168,40,71782.0,4.6070327,34.88,39.5,38.92,39.08,30.13,19.68,19.3
169,40,71782.0,4.6567057,35.11,38.72,39.92,39.17,30.14,19.69,19.31
170,40,71782.0,4.6651506,35.1,39.31,39.94,38.69,30.17,19.69,19.32
171,40,71782.0,4.7470822,35.04,39.33,38.99,39.59,30.19,19.69,19.32
172,40,71782.0,4.6044376,35.11,39.32,39.95,38.67,30.19,19.69,19.32
173,40,71782.0,4.5832268,35.13,39.52,39.97,39.58,30.19,19.69,19.32
174,40,71782.0,4.5844526,35.14,39.53,39.98,38.66,30.19,19.69,19.31
175,40,71782.0,4.6171643,35.14,39.54,39.98,39.58,30.19,19.69,19.32
176,40,71782.0,4.7258728,35.14,39.55,39.97,38.66,30.19,19.69,19.31
177,40,71781.99999999999,4.5929923,34.99,38.98,39.01,39.58,30.19,19.69,19.32
178,40,71782.0,4.7090599,35.14,39.56,39.98,38.66,30.18,19.68,19.31
179,40,71782.0,4.6481133,35.14,39.57,39.98,38.22,30.19,19.69,19.31
180,40,71781.99999999999,5.1483935,34.9,39.57,38.97,39.05,30.19,19.69,19.31
181,40,71782.0,4.8588807,34.96,39.63,39.93,39.98,30.19,19.69,19.32
182,40,71781.99999999999,4.857487,34.95,39.63,39.91,39.03,30.19,19.69,19.32
183,40,71782.0,4.927,34.94,39.63,39.88,38.5,30.19,19.69,19.32
184,40,71782.0,4.8173596,34.96,39.63,39.91,39.37,30.15,19.68,19.3
185,40,71782.0,4.8863844,34.94,39.63,39.89,38.5,30.19,19.69,19.32
186,40,71781.99999999999,4.8325604,34.96,39.63,39.92,39.37,30.2,19.7,19.32
187,40,71782.0,4.4315593,34.96,39.63,39.91,38.51,30.2,19.7,19.32
188,40,71782.0,4.419425,35.0,39.55,39.92,39.36,30.17,19.69,19.3
189,40,71782.0,4.4162263,34.77,38.94,39.85,39.58,30.12,19.68,19.3
190,40,71782.0,4.4946368,35.16,39.18,39.98,39.02,30.14,19.68,19.3
191,40,71782.0,4.4577915,34.9,39.57,39.9,38.5,30.19,19.69,19.32
192,40,71782.0,4.4871278,34.68,39.57,38.9,39.03,30.16,19.69,19.31
193,40,71782.0,4.5135353,34.91,39.18,39.88,38.52,30.19,19.69,19.32
194,40,71782.0,4.4912877,34.94,39.63,39.9,39.36,30.18,19.68,19.31
195,40,71782.0,4.5604727,34.93,39.63,39.87,38.5,30.19,19.69,19.31
196,40,71782.0,4.5088988,34.97,39.54,39.88,39.36,30.19,19.7,19.32
197,40,71782.0,4.4302539,34.92,39.63,39.87,38.5,30.19,19.69,19.32
198,40,71782.0,4.4474288,34.93,39.63,39.87,38.05,30.19,19.69,19.31
199,40,71781.99999999999,4.4053764,34.75,39.48,38.88,38.52,30.04,19.65,19.27
200,40,71781.99999999999,4.4046182,34.92,39.63,39.87,39.35,30.19,19.69,19.32
201,40,71782.0,4.4391285,34.77,39.66,39.84,38.5,30.19,19.69,19.32
202,40,71782.00000000001,4.3898386,34.93,39.65,39.87,38.04,30.19,19.69,19.32
203,40,71781.99999999999,4.4397797,34.71,39.47,38.88,38.55,30.03,19.65,19.27
204,40,71782.0,4.4750899,34.92,38.76,39.87,39.05,30.26,19.72,19.3
205,40,71782.0,4.4220429,34.95,39.22,39.89,38.52,30.17,19.69,19.31
206,40,71782.0,4.4521661,34.93,39.61,39.89,39.35,30.2,19.7,19.33
207,40,71782.0,4.4080359,34.93,39.63,39.88,38.51,30.19,19.7,19.32
208,40,71782.0,4.4746023,34.94,39.63,39.9,39.35,30.19,19.69,19.32
209,40,71782.0,4.6370735,34.93,39.65,39.88,38.5,30.19,19.69,19.31
210,40,71775.7,4.5163176,34.69,38.68,38.9,39.36,30.18,19.69,19.32
211,40,71781.99999999999,4.4749272,34.93,39.63,39.88,38.5,30.19,19.69,19.32
212,40,71781.99999999999,4.4414562,34.93,39.63,39.88,39.35,30.19,19.69,19.32
213,40,71782.0,4.4802309,34.94,39.63,39.89,38.5,30.19,19.69,19.32
214,40,71782.0,4.5360332,34.71,39.63,38.87,39.02,30.08,19.67,19.3
215,40,71782.0,4.4538662,34.94,39.63,39.89,38.5,30.19,19.69,19.32
216,40,71782.0,4.4853937,34.95,39.63,39.91,39.35,30.19,19.69,19.32
217,40,71781.99999999999,4.5016894,34.95,39.63,39.91,38.5,30.19,19.69,19.32
218,40,71781.99999999999,4.4449158,34.95,39.63,39.91,38.03,30.19,19.69,19.32
219,40,71782.0,4.4686003,34.97,39.63,39.94,37.66,30.17,19.68,19.29
220,40,71782.0,4.4662105,34.74,39.63,38.93,38.05,30.13,19.68,19.31
221,40,71782.0,4.4357336,34.96,38.86,39.91,38.54,30.14,19.69,19.29
222,40,71782.0,4.4907793,34.69,39.33,38.86,39.03,30.1,19.68,19.31
223,40,71782.0,4.4814252,34.86,39.46,39.87,38.5,30.17,19.7,19.33
224,40,71782.0,4.4217862,34.85,39.97,39.89,39.35,30.2,19.7,19.34
225,40,71782.0,4.5374487,34.84,39.9,39.89,38.5,30.19,19.69,19.33
226,40,71782.0,4.5106899,34.88,39.37,39.9,39.35,30.19,19.69,19.32
227,40,71782.0,4.4789283,34.85,39.99,39.89,38.5,30.19,19.69,19.33
228,40,71782.0,4.4562117,34.85,39.9,39.9,38.06,30.18,19.68,19.31
229,40,71782.0,4.569759,34.67,39.25,39.85,38.53,30.21,19.7,19.3
230,40,71775.7,4.5842784,34.47,38.86,39.85,38.05,30.12,19.68,19.3
231,40,71782.0,4.5645863,34.66,39.22,39.85,38.55,30.17,19.69,19.29
232,40,71782.0,4.5631019,35.02,39.83,39.96,39.36,30.17,19.69,19.31
233,40,71782.0,4.4093255,35.03,39.86,39.96,38.49,30.19,19.69,19.33
234,40,71782.0,4.4459787,35.03,39.86,39.96,38.03,30.19,19.69,19.33
235,40,71781.99999999999,4.8201154,34.83,39.2,39.9,38.54,30.05,19.66,19.3
236,40,71782.0,4.5256034,34.67,38.55,39.7,39.04,30.18,19.7,19.3
237,40,71782.0,4.4490009,34.82,39.11,39.89,38.51,30.17,19.69,19.33
238,40,71782.0,4.3642528,34.66,38.49,39.7,39.03,30.14,19.69,19.32
239,40,71782.0,4.8741876,34.81,39.11,39.89,38.5,30.16,19.69,19.33
240,40,71782.0,4.5394871,34.68,38.49,39.72,39.04,30.18,19.7,19.31
241,40,71782.0,4.5366454,34.82,39.11,39.9,38.51,30.17,19.69,19.33
242,40,71782.0,4.5050015,34.66,38.49,39.69,39.04,30.18,19.7,19.31
243,40,71782.0,4.6083856,34.81,39.11,39.89,38.5,30.16,19.69,19.33
244,40,71781.99999999999,4.5197177,34.65,38.49,39.69,39.04,30.18,19.7,19.31
245,40,71782.0,4.6896599,34.81,39.11,39.89,38.51,30.17,19.69,19.33
246,40,71782.0,4.4822076,34.66,38.49,39.7,39.06,30.21,19.7,19.31
247,40,71782.0,4.4157751,34.81,39.11,39.89,38.22,30.19,19.69,19.33
248,40,71781.99999999999,4.5972169,34.56,39.95,38.92,38.66,30.16,19.68,19.31
249,40,71782.0,4.4606048,34.82,39.14,39.88,39.57,30.2,19.7,19.34
250,40,71782.0,4.5748872,34.99,39.73,39.92,38.64,30.19,19.69,19.33
251,40,71782.0,4.550534,34.99,39.73,39.92,39.56,30.19,19.69,19.33
252,40,71782.0,4.5087185,35.03,39.17,39.93,38.64,30.19,19.69,19.33
253,40,71782.0,4.4866261,35.0,39.73,39.94,38.21,30.16,19.68,19.32
254,40,71782.0,4.5935409,34.84,39.07,39.93,38.68,30.05,19.65,19.28
255,40,71782.0,4.6040742,34.66,38.45,39.7,39.14,30.17,19.68,19.28
256,40,71782.0,4.5821038,34.82,39.07,39.9,38.69,30.13,19.68,19.3
257,40,71782.0,4.4831784,34.99,39.73,39.93,38.21,30.16,19.68,19.32
258,40,71782.0,4.4819321,34.81,39.7,38.94,39.05,30.12,19.68,19.33
259,40,71782.0,4.4886427,35.02,39.17,39.93,38.21,30.19,19.69,19.33
260,40,71781.99999999999,4.4878046,34.78,39.7,38.9,39.07,30.14,19.67,19.3
261,40,71781.99999999999,4.4728324,34.99,39.73,39.92,38.21,30.19,19.69,19.33
262,40,71782.0,4.4593205,34.82,39.07,39.91,38.68,30.15,19.67,19.29
263,40,71781.99999999999,4.4964055,34.66,38.45,39.7,39.14,30.24,19.7,19.3
264,40,71782.0,4.4140454,34.82,39.07,39.91,38.68,30.23,19.7,19.31
265,40,71781.99999999999,4.4720635,34.86,39.73,39.41,39.57,30.17,19.68,19.31
266,40,71782.0,4.4369362,35.02,39.17,39.93,38.64,30.19,19.69,19.33
267,40,71782.0,4.4600469,34.99,39.73,39.92,38.21,30.19,19.69,19.33
268,40,71782.0,4.7958843,34.82,39.07,39.91,38.66,30.16,19.69,19.32
269,40,71782.0,4.7952195,34.66,38.45,39.7,39.13,30.2,19.7,19.31
270,40,71782.0,4.5675733,34.82,39.07,39.92,38.67,30.19,19.69,19.33
271,40,71782.0,4.4480246,34.9,39.12,39.43,39.57,30.2,19.7,19.34
272,40,71781.99999999999,4.4883562,34.99,39.73,39.93,38.64,30.19,19.69,19.33
273,40,71782.0,4.4522415,34.99,39.73,39.92,39.56,30.19,19.69,19.33
274,40,71782.0,4.4567604,35.0,39.73,39.95,38.65,30.14,19.66,19.3
275,40,71781.99999999999,4.5023743,34.99,39.73,39.92,39.56,30.19,19.69,19.33
276,40,71782.0,4.5014088,35.02,39.17,39.93,38.64,30.19,19.69,19.33
277,40,71782.0,4.4557239,35.0,39.8,39.92,39.56,30.19,19.69,19.33
278,40,71782.0,4.4344443,35.02,39.17,39.93,38.64,30.19,19.69,19.33
279,40,71782.0,4.4266301,34.98,39.73,39.92,39.56,30.19,19.69,19.33
280,40,71782.0,4.4397891,35.02,39.17,39.93,38.64,30.19,19.69,19.33
281,40,71782.0,4.8160629,34.99,39.73,39.92,38.22,30.19,19.68,19.32
282,40,71782.0,4.4344241,34.76,39.99,38.91,38.66,30.19,19.69,19.33
283,40,71782.0,4.4393354,34.99,39.73,39.92,39.56,30.19,19.69,19.33
284,40,71782.0,4.5070996,34.99,39.73,39.92,38.64,30.19,19.69,19.33
285,40,71782.0,4.5582578,34.99,39.73,39.92,39.57,30.19,19.69,19.33
286,40,71782.0,4.453179,35.0,39.73,39.94,38.64,30.19,19.69,19.33
287,40,71782.0,4.4569266,35.03,39.17,39.95,39.56,30.19,19.69,19.33
288,40,71782.0,4.5484383,34.99,39.73,39.92,38.64,30.19,19.69,19.33
289,40,71781.99999999999,4.3585312,35.02,39.12,39.93,39.56,30.19,19.69,19.33
290,40,71781.99999999999,4.4708776,35.0,39.73,39.94,38.66,30.15,19.67,19.3
291,40,71782.0,4.4609328,35.02,39.73,39.96,39.56,30.19,19.69,19.33
292,40,71782.0,4.6136343,35.02,39.73,39.96,38.64,30.19,19.69,19.33
293,40,71781.99999999999,4.5431632,35.02,39.73,39.96,38.21,30.08,19.66,19.3
294,40,71782.0,4.5837615,34.81,39.7,38.94,39.07,30.15,19.67,19.32
295,40,71781.99999999999,4.5622229,35.03,39.17,39.94,38.21,30.18,19.68,19.31
296,40,71781.99999999999,4.4932762,34.81,39.7,38.94,39.04,30.08,19.66,19.3
297,40,71782.0,4.5280216,35.0,39.73,39.93,38.21,30.19,19.69,19.33
298,40,71782.0,4.4932792,34.84,39.07,39.93,38.68,30.19,19.69,19.31
299,40,71782.0,4.459729,34.7,38.45,39.76,39.16,30.11,19.66,19.29
300,40,71782.0,4.4658255,34.84,39.07,39.93,38.67,30.13,19.68,19.3
301,40,71782.0,4.4236246,35.02,39.73,39.96,39.56,30.16,19.69,19.32
302,40,71782.0,4.4296107,35.04,39.17,39.96,38.64,30.19,19.69,19.33
303,40,71782.0,4.3940183,34.85,38.56,39.9,39.12,30.2,19.69,19.31
304,40,71782.0,4.5811315,35.04,39.17,39.96,38.67,30.23,19.69,19.29
305,40,71782.0,4.4501945,35.0,39.73,39.93,38.21,30.16,19.68,19.31
306,40,71782.0,4.4796184,34.84,39.07,39.93,38.67,30.21,19.68,19.29
307,40,71782.0,4.4339566,34.66,38.45,39.7,39.14,30.23,19.7,19.3
308,40,71782.0,4.5390682,34.81,39.07,39.89,38.68,30.13,19.68,19.3
309,40,71782.0,4.587841,34.67,38.45,39.71,39.14,30.24,19.7,19.3
310,40,71782.0,4.5215154,34.82,39.07,39.91,38.68,30.13,19.68,19.31
311,40,71782.0,4.4224474,34.87,39.73,39.41,39.57,30.17,19.69,19.32
312,40,71782.0,4.4672782,34.86,39.2,39.89,38.64,30.15,19.67,19.31
313,40,71782.0,4.4853667,34.99,39.73,39.92,39.56,30.19,19.69,19.33
314,40,71781.99999999999,4.3884378,34.99,39.73,39.92,38.64,30.19,19.69,19.33
315,40,71782.0,4.4613494,34.99,39.73,39.92,39.56,30.19,19.69,19.33
316,40,71782.0,4.4001694,34.99,39.73,39.92,38.64,30.19,19.69,19.33
317,40,71781.99999999999,4.4835338,34.99,39.73,39.92,38.21,30.19,19.69,19.33
318,40,71782.0,4.4960413,34.8,39.7,38.93,39.06,30.19,19.69,19.3
319,40,71782.0,4.4853997,34.99,39.73,39.93,38.21,30.19,19.69,19.33
320,40,71782.0,4.4007797,34.82,39.07,39.91,38.68,30.18,19.69,19.33
321,40,71782.0,4.5445134,34.65,38.45,39.69,39.13,30.2,19.7,19.31
322,40,71782.0,4.4115284,34.81,39.07,39.89,38.67,30.1,19.66,19.27
323,40,71782.0,4.4551971,34.87,39.73,39.41,39.56,30.16,19.69,19.32
324,40,71782.0,4.5556876,35.0,39.7,39.95,38.64,30.19,19.69,19.33
325,40,71782.0,4.5337162,34.96,39.74,38.96,39.56,30.19,19.69,19.33
326,40,71782.0,4.4212929,34.99,39.73,39.92,38.64,30.19,19.69,19.33
327,40,71782.0,4.5767639,34.99,39.73,39.94,39.56,30.19,19.69,19.33
328,40,71782.0,4.5788583,34.98,39.73,39.92,38.66,30.16,19.67,19.3
329,40,71782.0,4.4392925,34.99,39.73,39.92,39.56,30.19,19.69,19.33
330,40,71782.0,4.4492344,35.03,39.17,39.95,38.64,30.19,19.69,19.33
331,40,71782.0,4.4970384,34.99,39.73,39.92,39.56,30.19,19.69,19.33
332,40,71782.0,4.533028,34.99,39.73,39.92,38.64,30.19,19.69,19.33
333,40,71782.0,4.5168875,34.99,39.73,39.92,39.56,30.19,19.69,19.33
334,40,71781.99999999999,4.4487754,34.99,39.73,39.92,38.64,30.19,19.69,19.33
335,40,71782.0,4.4169164,34.99,39.73,39.92,39.56,30.19,19.69,19.33
336,40,71782.0,4.415582,34.99,39.73,39.92,38.64,30.19,19.69,19.33
337,40,71781.99999999999,4.4714041,34.99,39.73,39.94,39.56,30.19,19.69,19.33
338,40,71782.0,4.4469128,34.99,39.73,39.92,38.64,30.19,19.69,19.33
339,40,71781.99999999999,4.4788127,34.99,39.73,39.92,38.21,30.19,19.69,19.33
340,40,71782.0,4.4872591,34.8,39.7,38.93,39.06,30.18,19.68,19.32
341,40,71782.0,4.5264497,34.99,39.73,39.92,38.21,30.19,19.69,19.33
342,40,71782.0,4.5107814,34.8,39.7,38.93,38.67,30.16,19.68,19.32
343,40,71782.0,4.3957041,34.98,39.73,39.92,39.56,30.19,19.69,19.33
344,40,71782.0,4.5948812,34.99,39.73,39.92,38.64,30.19,19.69,19.33
345,40,71782.0,4.5710453,34.99,39.74,39.0,39.56,30.19,19.69,19.33
346,40,71782.0,4.6084565,34.99,39.73,39.92,38.64,30.19,19.69,19.33
347,40,71782.0,4.4774562,34.99,39.73,39.92,39.56,30.19,19.69,19.33
348,40,71782.0,4.4630957,35.01,39.18,39.0,38.64,30.19,19.69,19.33
349,40,71782.0,4.5094046,34.89,39.76,38.45,39.56,30.19,19.69,19.33
350,40,71782.0,4.4688404,34.88,39.75,38.45,38.64,30.19,19.69,19.33
351,40,71782.0,4.5290107,34.92,39.24,38.46,39.56,30.19,19.69,19.33
352,40,71782.0,4.6163515,34.88,39.79,38.42,38.64,30.19,19.69,19.33
353,40,71782.0,4.4406406,34.92,39.24,38.44,38.21,30.19,19.69,19.33
354,40,71782.0,4.5718205,34.9,39.79,38.47,37.83,30.05,19.66,19.3
355,40,71782.0,4.4819171,34.83,39.13,38.92,38.25,30.13,19.68,19.31
356,40,71781.99999999999,4.4711757,34.55,39.97,38.04,38.66,30.13,19.68,19.32
357,40,71782.0,4.4774413,34.86,39.72,38.41,39.57,30.16,19.69,19.32
358,40,71782.0,4.4356029,34.91,39.24,38.43,38.64,30.19,19.69,19.33
359,40,71782.0,4.886212,34.89,39.79,38.43,38.21,30.19,19.69,19.33
360,40,71782.0,4.7428753,34.84,39.13,38.94,38.66,30.15,19.67,19.3
361,40,71782.0,4.7360291,35.03,38.5,39.92,39.13,30.25,19.7,19.3
362,40,71782.0,5.2046534,35.02,39.1,39.94,38.68,30.3,19.71,19.29
363,40,71782.0,4.5317243,34.82,38.47,39.88,39.15,30.33,19.73,19.3
364,40,71782.0,4.6727106,35.01,39.1,39.92,38.69,30.24,19.69,19.29
365,40,71781.99999999999,4.507477,34.83,38.47,39.89,39.15,30.33,19.73,19.3
366,40,71782.0,4.485643,35.02,39.1,39.95,38.68,30.23,19.7,19.28
367,40,71782.00000000001,4.4363343,34.98,39.73,39.92,38.23,30.18,19.68,19.29
368,40,71782.0,4.4650466,34.78,39.71,38.9,39.08,30.13,19.66,19.26
369,40,71782.0,4.4591055,35.02,39.17,39.93,38.22,30.15,19.67,19.29
370,40,71782.0,4.431023,34.79,39.7,38.91,38.67,30.11,19.67,19.3
371,40,71782.0,4.4544346,34.98,39.73,39.92,39.56,30.16,19.69,19.32
372,40,71781.99999999999,4.4854457,34.99,39.73,39.92,38.65,30.19,19.69,19.33
373,40,71782.0,4.4084514,35.01,39.73,39.95,39.56,30.19,19.69,19.33
374,40,71782.0,4.6631744,34.99,39.73,39.92,38.64,30.19,19.69,19.33
375,40,71782.0,4.4353229,34.99,39.73,39.92,38.21,30.19,19.69,19.33
376,40,71782.0,4.4576473,34.83,39.07,39.92,38.71,29.98,19.63,19.28
377,40,71782.0,4.465311,34.66,38.45,39.69,39.15,30.15,19.68,19.3
378,40,71782.0,4.3787167,34.63,39.07,38.82,38.66,30.16,19.69,19.32
379,40,71781.99999999999,4.3904724,34.66,38.45,39.71,39.13,30.15,19.68,19.3
380,40,71782.0,4.3503043,34.82,39.07,39.91,38.67,30.23,19.7,19.31
381,40,71782.0,4.4475434,34.65,38.45,39.69,39.13,30.26,19.71,19.31
382,40,71782.0,4.3947345,34.82,39.07,39.91,38.68,30.22,19.7,19.31
383,40,71782.0,4.4473634,34.65,38.45,39.69,39.14,30.26,19.71,19.3
384,40,71782.0,4.3903155,34.81,39.07,39.91,38.69,30.22,19.7,19.31
385,40,71781.99999999999,4.3487371,34.65,38.45,39.69,39.14,30.26,19.71,19.3
386,40,71782.0,4.4655386,34.81,39.07,39.89,38.67,30.22,19.7,19.31
387,40,71782.0,4.4831534,34.65,38.45,39.69,39.15,30.22,19.7,19.32
388,40,71782.0,4.4099968,34.81,39.09,39.91,38.66,30.22,19.69,19.31
389,40,71782.0,4.3791983,34.86,39.73,39.41,39.57,30.17,19.69,19.32
390,40,71782.0,4.3152195,35.01,39.17,39.92,38.64,30.19,19.69,19.33
391,40,71781.99999999999,4.5147545,34.99,39.73,39.92,39.56,30.19,19.69,19.34
392,40,71782.0,4.4813207,34.99,39.73,39.92,38.64,30.19,19.69,19.34
393,40,71781.99999999999,4.473642,35.0,39.73,39.94,39.56,30.19,19.69,19.34
394,40,71782.0,4.4680077,34.99,39.73,39.92,38.64,30.19,19.69,19.33
395,40,71782.0,4.4416331,34.97,39.74,38.96,39.56,30.19,19.69,19.33
396,40,71782.0,4.415964,34.94,39.21,38.49,38.64,30.19,19.69,19.33
397,40,71782.0,4.3859188,34.98,39.74,38.97,38.21,30.19,19.69,19.33
398,40,71782.0,4.448516,35.04,39.08,39.99,38.69,30.17,19.67,19.29
399,40,71782.0,4.4689341,34.97,39.74,38.98,39.56,30.19,19.69,19.33
400,40,71782.0,4.4255019,35.02,39.17,39.93,38.64,30.19,19.69,19.33
401,40,71782.0,4.4786245,34.99,39.73,39.93,39.56,30.19,19.69,19.33
402,40,71782.0,4.448598,35.0,39.73,39.93,38.64,30.19,19.69,19.33
403,40,71782.0,4.4755341,34.99,39.73,39.92,39.56,30.19,19.69,19.33
404,40,71782.0,4.5098605,35.0,39.73,39.94,38.65,30.19,19.69,19.33
405,40,71781.99999999999,4.4515553,34.81,39.07,39.9,39.15,29.98,19.64,19.29
406,40,71781.99999999999,4.4604658,34.88,39.73,39.44,38.66,30.19,19.69,19.33
407,40,71782.0,4.4894843,35.02,39.17,39.93,38.23,30.14,19.66,19.3
408,40,71782.0,4.4702987,34.8,39.7,38.93,39.06,30.15,19.68,19.31
409,40,71782.0,4.5703899,35.03,39.17,39.93,38.21,30.17,19.68,19.32
410,40,71782.0,4.450701,34.81,39.7,38.94,39.05,30.19,19.69,19.33
411,40,71782.0,4.4398427,35.0,39.73,39.94,38.23,30.18,19.68,19.31
412,40,71782.0,4.5166118,34.83,39.07,39.92,38.69,30.15,19.67,19.3
413,40,71782.0,4.443433,34.89,39.73,39.45,39.57,30.19,19.69,19.33
414,40,71782.0,4.4183058,35.04,39.17,39.96,38.64,30.19,19.69,19.33
415,40,71782.0,4.4773667,35.01,39.73,39.95,39.56,30.19,19.69,19.33
416,40,71782.0,4.4989735,35.05,39.18,39.96,38.65,30.18,19.68,19.32
417,40,71782.0,4.4655301,35.01,39.73,39.96,39.56,30.19,19.69,19.33
418,40,71782.0,4.4488723,35.05,39.17,39.96,38.64,30.19,19.69,19.33
419,40,71781.99999999999,4.4250831,34.85,39.76,39.92,38.21,30.19,19.69,19.33
420,40,71782.0,4.4601141,35.0,39.39,39.01,37.84,30.17,19.67,19.27
421,40,71782.00000000001,4.586197,35.06,38.54,39.98,38.24,30.31,19.72,19.3
422,40,71781.99999999999,4.41964,34.82,39.27,38.99,38.7,30.25,19.7,19.29
423,40,71782.0,4.4138053,34.99,39.57,39.95,39.58,30.31,19.72,19.31
424,40,71782.0,4.3669643,35.0,39.59,39.96,38.66,30.18,19.68,19.3
425,40,71782.0,4.4673873,35.0,39.61,39.96,39.56,30.19,19.69,19.33
426,40,71782.0,4.8321941,35.0,39.61,39.95,38.64,30.19,19.69,19.33
427,40,71781.99999999999,4.4691236,35.0,39.61,39.96,38.21,30.19,19.69,19.33
428,40,71781.99999999999,4.3769005,34.76,39.89,38.94,38.68,30.17,19.67,19.29
429,40,71781.99999999999,4.4772786,34.98,39.61,39.93,39.56,30.19,19.69,19.33
430,40,71782.0,4.7809115,35.01,39.03,39.93,38.67,30.12,19.66,19.3
431,40,71782.0,4.6409244,34.82,38.41,39.89,39.13,30.17,19.69,19.3
432,40,71782.0,4.7200138,34.94,38.49,39.48,38.67,30.2,19.69,19.31
433,40,71781.99999999999,4.6343117,35.0,39.03,39.92,39.57,30.19,19.69,19.33
434,40,71782.0,4.7090586,34.97,39.6,39.92,38.64,30.19,19.69,19.33
435,40,71782.0,4.589811,35.02,39.03,39.95,39.56,30.19,19.69,19.33
436,40,71782.0,4.5927515,34.97,39.6,39.91,38.64,30.19,19.69,19.33
437,40,71782.0,4.9475666,34.99,39.06,38.97,39.57,30.2,19.69,19.33
438,40,71781.99999999999,5.4166292,34.97,39.6,39.92,38.64,30.19,19.69,19.33
439,40,71782.0,4.6005435,34.63,39.05,39.83,39.58,30.14,19.68,19.32
440,40,71781.99999999999,4.5248491,34.64,38.42,39.61,39.6,30.17,19.69,19.3
441,40,71782.0,4.4527222,34.8,39.02,39.87,39.11,30.16,19.69,19.33
442,40,71782.0,4.474803,35.04,38.41,39.96,39.6,30.17,19.7,19.31
443,40,71782.0,4.3994974,35.0,39.02,39.92,39.12,30.16,19.69,19.33
444,40,71782.0,4.4982736,34.83,38.41,39.9,39.61,30.16,19.69,19.31
445,40,71782.0,4.6971328,35.0,39.02,39.92,39.11,30.16,19.69,19.33
446,40,71781.99999999999,4.7359823,34.83,38.4,39.9,39.61,30.18,19.7,19.31
447,40,71782.0,4.7051926,34.8,39.03,38.95,39.12,30.12,19.68,19.32
448,40,71781.99999999999,4.6115028,34.84,38.41,39.9,39.61,30.18,19.7,19.31
449,40,71782.0,4.6911457,34.89,39.02,39.42,39.13,30.24,19.69,19.29
450,40,71782.0,5.2707902,34.99,39.61,39.95,38.67,30.13,19.67,19.3
451,40,71782.0,4.7479865,34.96,39.61,38.97,38.21,30.16,19.68,19.32
452,40,71782.0,4.9008611,35.03,38.95,39.99,38.68,30.16,19.68,19.31
453,40,71782.0,5.0219388,34.83,38.33,39.94,39.14,30.13,19.68,19.31
454,40,71782.0,4.7167795,34.88,38.95,39.45,38.66,30.13,19.68,19.32
455,40,71781.99999999999,4.7826132,34.82,38.33,39.93,39.58,30.13,19.68,19.32
456,40,71781.99999999999,4.9044567,34.77,38.95,38.96,38.68,30.15,19.67,19.29
457,40,71782.0,4.6183116,34.83,39.89,39.43,38.21,30.19,19.69,19.33
458,40,71782.0,4.5747395,34.71,38.92,39.35,38.69,30.08,19.66,19.3
459,40,71782.0,4.8362168,34.53,39.75,39.68,39.65,30.16,19.68,19.29
460,40,71782.0,4.6012597,34.75,39.51,39.88,38.67,30.17,19.69,19.32
461,40,71782.0,4.8774403,34.96,39.58,39.92,39.56,30.2,19.69,19.34
462,40,71782.0,4.9430096,34.96,39.6,39.91,38.64,30.19,19.69,19.33
463,40,71782.0,4.4153827,34.97,39.6,39.92,38.21,30.19,19.69,19.33
464,40,71781.99999999999,4.3806448,35.01,39.03,39.94,39.02,30.19,19.69,19.33
465,40,71782.0,4.4528675,34.82,38.41,39.88,39.12,30.17,19.69,19.31
466,40,71781.99999999999,4.3797552,34.56,39.17,38.9,39.6,30.01,19.65,19.3
467,40,71775.7,4.5715263,34.79,38.28,39.87,38.65,30.11,19.65,19.28
468,40,71782.0,4.441592,34.98,38.85,39.92,39.59,30.16,19.69,19.33
469,40,71775.69999999998,4.4093081,34.69,39.7,39.87,38.66,30.14,19.65,19.28
470,40,71782.0,4.4475433,34.98,38.85,39.92,39.58,30.17,19.69,19.34
471,40,71781.99999999999,4.3461449,34.95,39.48,38.99,39.11,30.2,19.7,19.34
472,40,71782.0,4.4549096,35.02,38.89,39.98,38.66,30.12,19.67,19.33
473,40,71782.0,4.4825197,34.83,38.26,39.91,39.12,30.21,19.7,19.32
474,40,71782.0,4.4959095,35.0,38.89,39.95,38.66,30.24,19.7,19.3
475,40,71782.0,4.5152165,34.71,39.73,39.88,39.13,30.32,19.73,19.32
476,40,71782.0,4.5109281,34.85,39.48,39.44,38.67,30.15,19.68,19.3
477,40,71782.0,4.4401627,34.96,39.5,39.92,38.21,30.16,19.68,19.33
478,40,71782.0,4.508841,34.77,39.49,38.93,39.06,30.17,19.68,19.32
479,40,71782.0,4.4217693,34.68,39.83,38.08,38.22,30.19,19.69,19.33
480,40,71782.0,4.3904032,34.78,38.85,38.9,38.68,30.2,19.7,19.34
481,40,71782.0,4.4263716,34.67,39.7,38.9,39.12,30.19,19.7,19.32
482,40,71775.7,4.3592849,34.71,38.51,38.95,38.65,30.2,19.7,19.35
483,40,71782.0,4.4790803,34.92,39.77,39.91,38.21,30.19,19.69,19.34
484,40,71775.7,4.430346,34.52,38.55,38.88,38.68,30.11,19.67,19.3
485,40,71782.0,4.4136256,34.91,39.77,39.91,39.56,30.2,19.7,19.35
486,40,71782.0,4.4290734,34.95,39.49,39.91,38.64,30.19,19.69,19.34
487,40,71782.0,4.435961,35.0,38.91,39.94,39.56,30.19,19.69,19.34
488,40,71781.99999999999,4.3045747,34.7,39.74,39.87,39.59,30.21,19.7,19.32
489,40,71782.0,4.4216792,34.85,39.5,39.43,39.1,30.19,19.69,19.33
490,40,71782.0,4.4961714,35.0,38.91,39.94,38.67,30.04,19.64,19.28
491,40,71782.0,4.5065883,34.95,39.49,39.91,39.56,30.19,19.69,19.34
492,40,71782.0,4.4741534,34.95,39.49,39.91,38.64,30.19,19.69,19.34
493,40,71782.0,4.4642359,34.99,38.9,39.92,38.2,30.19,19.69,19.34
494,40,71782.0,4.4144715,34.7,39.74,39.87,38.66,30.2,19.7,19.32
495,40,71782.0,4.4969984,34.83,39.5,39.4,38.21,30.18,19.68,19.33
496,40,71782.0,4.4563601,34.6,39.8,38.5,39.07,30.14,19.68,19.32
497,40,71782.0,4.5931052,34.92,39.5,38.95,38.2,30.19,19.69,19.34
498,40,71782.0,4.4899631,35.0,38.83,39.97,38.69,30.01,19.65,19.3
499,40,71782.0,4.4395884,34.79,38.21,39.92,39.13,30.18,19.69,19.32
500,40,71782.0,4.4471352,34.53,39.01,38.91,39.6,30.22,19.7,19.32
501,40,71775.7,4.5262938,34.76,38.11,39.91,38.65,30.21,19.68,19.31
502,40,71782.0,4.4129623,34.95,38.71,39.94,39.59,30.23,19.71,19.33
503,40,71782.0,4.4817633,34.78,38.07,39.92,39.6,30.14,19.69,19.33
504,40,71782.0,4.4911086,34.96,38.69,39.95,38.65,30.17,19.7,19.35
505,40,71782.0,4.3883622,34.92,39.35,39.91,39.56,30.2,19.71,19.36
506,40,71782.0,4.3712335,34.93,39.37,39.91,38.64,30.2,19.7,19.36
507,40,71782.0,4.4406559,34.93,39.4,39.91,38.2,30.19,19.7,19.35
508,40,71781.99999999999,4.3907266,34.93,39.4,39.91,39.03,30.2,19.71,19.36
509,40,71782.0,4.4438583,34.96,38.79,39.91,38.2,30.2,19.7,19.36
510,40,71782.0,4.4589271,34.8,38.17,39.91,38.7,30.16,19.69,19.34
511,40,71782.0,4.3989212,34.51,38.98,38.87,39.62,30.03,19.66,19.33
512,40,71782.0,4.4471894,34.9,39.37,38.96,38.65,30.2,19.7,19.36
513,40,71782.0,4.3707322,34.95,38.79,39.91,39.56,30.2,19.7,19.36
514,40,71782.0,4.4672421,34.93,39.4,39.91,38.65,30.16,19.69,19.34
515,40,71781.99999999999,4.5209341,34.94,38.8,38.95,38.22,30.2,19.7,19.36
516,40,71782.0,4.4293836,34.99,38.17,39.95,38.65,30.16,19.7,19.35
517,40,71782.0,4.4891454,34.95,38.79,39.91,39.56,30.2,19.7,19.36
518,40,71782.0,4.4693811,34.93,39.4,39.91,38.64,30.2,19.7,19.36
519,40,71782.0,4.3696152,34.93,38.8,38.94,39.56,30.2,19.7,19.36
520,40,71782.0,4.5159802,34.89,39.66,39.93,39.59,30.21,19.71,19.34
521,40,71782.0,4.551519,34.94,39.4,39.93,39.11,30.17,19.7,19.35
522,40,71782.0,4.5610754,34.7,40.0,39.91,38.66,30.19,19.7,19.35
523,40,71782.0,4.5576626,34.69,39.99,39.85,39.56,30.2,19.71,19.36
524,40,71782.0,4.4517278,34.93,39.37,39.92,38.64,30.2,19.7,19.36
525,40,71782.0,4.4611026,34.93,39.4,39.91,39.56,30.2,19.7,19.36
526,40,71782.0,4.4709552,34.96,38.79,39.91,38.64,30.2,19.7,19.36
527,40,71782.0,4.4331141,34.94,39.39,39.94,38.22,30.2,19.71,19.36
528,40,71782.0,4.4595719,34.74,39.39,38.91,38.67,30.11,19.67,19.33
529,40,71782.0,4.4438495,34.95,38.78,39.91,39.56,30.2,19.71,19.37
530,40,71781.99999999999,4.462501,34.93,39.4,39.91,38.64,30.2,19.7,19.36
531,40,71782.0,4.4127263,34.96,38.79,39.91,39.56,30.2,19.7,19.36
532,40,71782.0,4.4327001,34.93,39.4,39.91,38.64,30.2,19.7,19.36
533,40,71782.0,4.4059418,34.93,39.4,39.91,38.2,30.2,19.7,19.36
534,40,71782.0,4.3995716,34.7,39.99,39.89,39.06,30.18,19.69,19.32
535,40,71782.0,4.4895239,34.93,39.4,39.91,38.21,30.19,19.7,19.35
536,40,71782.0,4.5706117,34.69,39.99,39.88,39.06,30.13,19.68,19.32
537,40,71782.0,4.5463357,34.92,39.39,39.9,38.2,30.2,19.71,19.36
538,40,71782.0,4.4014325,34.67,39.98,39.86,38.67,30.08,19.68,19.34
539,40,71782.0,4.4553654,34.78,40.0,39.41,39.56,30.2,19.71,19.37
540,40,71782.0,4.4124768,34.88,39.98,39.9,38.64,30.2,19.71,19.37
541,40,71782.0,5.0988904,34.9,40.0,39.92,39.56,30.19,19.7,19.36
542,40,71782.0,4.441237,34.78,39.36,39.94,38.67,30.12,19.67,19.31
543,40,71782.0,4.4865604,34.93,38.8,38.95,39.56,30.19,19.7,19.36
544,40,71782.00000000001,4.4215676,34.89,39.66,39.93,39.61,30.19,19.7,19.33
545,40,71775.7,4.4393149,34.7,38.48,39.88,38.63,30.19,19.7,19.36
546,40,71782.0,4.4589089,34.93,39.4,39.91,39.56,30.15,19.68,19.34
547,40,71781.99999999999,4.5576304,34.96,38.79,39.91,38.64,30.2,19.7,19.36
548,40,71782.0,4.5940328,34.93,39.4,39.92,39.57,30.2,19.7,19.36
549,40,71782.0,4.5553587,34.93,39.4,39.91,38.64,30.2,19.7,19.36
550,40,71782.0,4.4944009,34.96,38.79,39.91,39.56,30.2,19.7,19.36
551,40,71782.0,4.4341493,34.92,39.4,39.91,38.64,30.2,19.7,19.36
552,40,71782.0,4.399105,34.95,38.8,38.98,39.57,30.2,19.71,19.36
553,40,71782.0,4.5185831,34.92,39.4,39.91,38.64,30.2,19.7,19.36
554,40,71782.0,4.7759193,34.94,38.8,38.95,39.56,30.2,19.7,19.36
555,40,71782.0,4.5005996,34.75,39.42,39.86,38.64,30.2,19.7,19.36
556,40,71782.0,4.6686996,34.96,38.79,39.92,39.56,30.2,19.7,19.36
557,40,71782.0,4.6495073,34.93,39.4,39.91,38.64,30.2,19.7,19.36
558,40,71782.0,4.6039783,34.96,38.79,39.91,39.56,30.2,19.7,19.36
559,40,71782.0,4.6503006,34.93,39.4,39.91,38.64,30.2,19.7,19.36
560,40,71781.99999999999,4.4662887,34.92,39.4,39.91,39.56,30.2,19.7,19.36
561,40,71782.0,4.5695061,34.93,39.4,39.91,38.65,30.2,19.71,19.36
562,40,71782.0,4.3837587,34.97,38.79,39.94,39.57,30.2,19.71,19.36
563,40,71782.0,4.3624203,34.95,39.4,39.95,38.64,30.2,19.7,19.36
564,40,71782.0,4.4448961,34.97,38.79,39.93,39.56,30.2,19.7,19.36
565,40,71782.0,5.2033622,34.92,39.4,39.91,38.64,30.2,19.7,19.36
566,40,71782.0,5.9665494,34.96,38.79,39.91,39.56,30.2,19.7,19.36
567,40,71781.99999999999,4.7049272,34.93,39.4,39.91,38.64,30.2,19.7,19.36
568,40,71782.0,4.628042,34.96,38.79,39.91,39.56,30.2,19.7,19.36
569,40,71781.99999999999,4.6127785,34.92,39.4,39.91,38.64,30.2,19.7,19.36
570,40,71782.0,4.5887283,34.97,38.79,39.93,38.2,30.2,19.7,19.36
571,40,71782.0,4.4944384,34.81,38.17,39.91,38.68,30.15,19.68,19.33
572,40,71782.0,4.515397,34.96,38.79,39.91,38.2,30.2,19.7,19.36
573,40,71781.99999999999,4.4041056,34.78,38.17,39.89,38.67,30.21,19.71,19.34
574,40,71782.0,4.4359359,34.96,38.79,39.91,38.21,30.16,19.69,19.35
575,40,71782.0,4.3910133,34.79,38.17,39.89,38.68,30.09,19.68,19.32
576,40,71782.0,4.6342146,34.84,38.79,39.4,38.2,30.17,19.7,19.35
577,40,71782.0,4.6495329,34.56,39.71,38.46,39.04,30.19,19.7,19.36
578,40,71782.0,4.5926927,34.94,38.8,38.96,38.22,30.19,19.7,19.35
579,40,71782.0,4.7256748,35.0,38.17,39.97,38.67,30.21,19.71,19.34
580,40,71782.0,4.4674805,34.97,38.77,39.97,39.57,30.2,19.71,19.36
581,40,71782.0,4.5609478,34.93,39.4,39.91,38.64,30.2,19.7,19.36
582,40,71782.0,4.5023228,34.93,39.4,39.91,38.2,30.2,19.7,19.36
583,40,71781.99999999999,4.4387639,34.75,39.42,38.92,39.06,30.18,19.7,19.34
584,40,71782.0,4.4630289,34.93,39.4,39.91,38.2,30.2,19.7,19.36
585,40,71782.0,4.3501151,34.74,39.41,38.91,39.05,30.1,19.69,19.34
586,40,71782.0,4.4632959,34.89,40.0,39.9,38.22,30.17,19.7,19.36
587,40,71782.0,4.4917562,34.9,39.99,39.92,37.8,30.19,19.7,19.35
588,40,71782.0,4.4949617,34.73,39.29,39.91,38.27,30.21,19.71,19.34
589,40,71782.00000000001,4.3533493,34.48,39.95,38.89,38.68,30.15,19.69,19.32
590,40,71782.0,4.5172373,34.85,39.97,38.93,39.57,30.2,19.7,19.34
591,40,71782.0,4.4417862,34.88,39.97,39.9,38.64,30.2,19.71,19.37
592,40,71782.0,4.3993091,34.68,39.65,38.88,39.11,30.11,19.69,19.34
593,40,71782.0,4.4630828,34.88,39.97,39.9,38.67,30.17,19.69,19.33
594,40,71782.0,4.5899012,34.9,40.0,39.92,39.56,30.19,19.7,19.36
595,40,71782.0,4.4169377,34.92,39.37,39.91,38.64,30.2,19.7,19.36
596,40,71781.99999999999,4.4935887,34.96,38.79,39.91,39.56,30.2,19.7,19.36
597,40,71782.0,4.6352269,34.93,39.4,39.91,38.64,30.2,19.7,19.36
598,40,71781.99999999999,4.5171006,34.93,39.4,39.91,38.2,30.2,19.7,19.36
599,40,71781.99999999999,4.5736544,34.69,40.0,39.89,39.05,30.19,19.7,19.35
600,40,71782.0,4.5189521,34.71,39.39,39.84,39.96,30.21,19.71,19.37
601,40,71781.99999999999,4.6042924,34.97,38.78,39.93,39.01,30.21,19.71,19.37
602,40,71782.0,4.5158338,34.93,39.4,39.91,38.49,30.2,19.71,19.36
603,40,71782.0,4.3966708,34.96,38.79,39.91,39.35,30.21,19.71,19.37
604,40,71782.0,4.542543,34.93,39.4,39.91,38.49,30.2,19.71,19.36
605,40,71782.0,4.5282387,34.8,38.82,39.89,39.37,30.21,19.71,19.36
606,40,71782.0,4.4957802,34.93,39.4,39.91,38.49,30.2,19.71,19.36
607,40,71782.0,4.3591565,34.95,39.4,39.94,39.35,30.16,19.69,19.35
608,40,71782.0,4.5438587,34.93,39.4,39.91,38.49,30.2,19.71,19.36
609,40,71782.0,4.5929463,34.93,39.4,39.91,39.35,30.1,19.68,19.34
610,40,71782.0,4.596072,34.93,39.4,39.91,38.49,30.2,19.71,19.36
611,40,71781.99999999999,4.571991,34.97,38.79,39.93,39.35,30.2,19.71,19.36
612,40,71782.0,4.6600638,34.94,39.4,39.92,38.49,30.2,19.71,19.36
613,40,71782.0,4.8273028,34.99,38.8,39.95,38.03,30.19,19.7,19.35
614,40,71782.0,4.6683235,34.7,39.66,39.89,38.52,30.19,19.7,19.33
615,40,71782.0,4.6274479,34.92,40.0,39.94,39.35,30.21,19.71,19.37
616,40,71782.0,4.5344354,34.9,39.98,39.92,38.49,30.21,19.71,19.37
617,40,71782.0,4.6164474,34.89,39.99,38.98,38.05,30.21,19.72,19.38
618,40,71782.0,4.9493902,34.72,39.29,38.99,38.54,30.13,19.69,19.35
619,40,71781.99999999999,4.6492534,34.89,39.99,38.98,37.84,30.19,19.7,19.35
620,40,71781.99999999999,4.6924501,34.81,39.28,39.45,38.26,30.16,19.69,19.33
621,40,71782.0,4.6404147,34.56,39.94,38.5,38.71,30.27,19.73,19.33
622,40,71782.0,4.5611676,34.78,39.23,39.43,39.16,30.31,19.75,19.36
623,40,71782.0,4.7948453,34.89,39.93,39.93,38.69,30.08,19.69,19.34
624,40,71782.0,4.5512023,34.88,39.95,39.9,39.57,30.18,19.72,19.37
625,40,71782.0,4.4774276,34.92,39.33,39.91,38.64,30.21,19.71,19.38
626,40,71782.0,4.8044444,34.89,40.0,39.9,39.56,30.2,19.71,19.37
627,40,71782.0,4.4707788,34.9,39.99,39.92,38.66,30.18,19.71,19.36
628,40,71782.0,4.4594463,34.91,40.0,39.93,39.57,30.21,19.72,19.37
629,40,71782.0,4.4467139,34.93,39.39,39.92,38.64,30.2,19.71,19.37
630,40,71782.0,4.6234122,34.92,39.39,39.91,39.56,30.2,19.71,19.37
631,40,71782.0,4.3377898,34.96,38.79,39.93,38.64,30.2,19.71,19.36
632,40,71782.0,4.4524474,34.69,39.72,38.88,39.57,30.2,19.7,19.35
633,40,71782.0,4.3563267,34.96,38.79,39.91,38.64,30.2,19.7,19.36
634,40,71782.0,4.5176867,34.94,39.4,39.93,39.56,30.2,19.7,19.36
635,40,71782.0,4.6349938,34.97,38.77,39.96,38.65,30.2,19.71,19.36
636,40,71782.0,4.4011372,34.92,39.4,39.91,39.56,30.2,19.7,19.36
637,40,71782.0,4.4200102,34.97,38.79,39.93,38.68,30.1,19.66,19.3
638,40,71782.0,4.5168829,34.92,39.4,39.91,39.56,30.2,19.7,19.36
639,40,71781.99999999999,4.4111303,34.96,38.79,39.91,38.64,30.2,19.7,19.36
640,40,71782.0,4.7498747,34.93,39.4,39.91,39.56,30.2,19.7,19.36
641,40,71782.0,4.4824913,34.92,39.4,39.91,38.64,30.2,19.7,19.36
642,40,71782.0,4.6161979,34.97,38.79,39.94,38.2,30.2,19.7,19.36
643,40,71782.0,4.8884564,34.77,38.16,39.87,38.66,30.2,19.7,19.33
644,40,71782.0,4.5823648,34.97,38.79,39.93,38.2,30.2,19.7,19.36
645,40,71782.0,4.579349,34.79,38.17,39.89,38.66,30.19,19.7,19.36
646,40,71782.0,4.4985894,34.97,38.79,39.94,38.21,30.19,19.69,19.35
647,40,71782.0,4.7660595,34.8,38.17,39.9,38.71,29.97,19.64,19.31
648,40,71782.0,4.6068978,34.53,38.98,38.92,39.14,30.18,19.7,19.34
649,40,71782.0,4.7653877,34.25,39.89,38.04,39.61,30.2,19.71,19.37
650,40,71781.99999999999,4.6130459,34.62,39.71,38.03,39.1,30.18,19.71,19.37
651,40,71775.7,4.9278962,34.59,38.52,38.39,38.65,30.2,19.71,19.37
652,40,71782.0,4.6856377,34.81,39.46,38.4,39.56,30.2,19.71,19.37
653,40,71782.0,4.521131,34.82,39.46,38.43,38.66,30.19,19.69,19.34
654,40,71782.0,4.7315253,34.81,39.46,38.4,39.56,30.2,19.71,19.36
655,40,71781.99999999999,4.4491229,34.81,39.46,38.4,38.64,30.2,19.7,19.36
656,40,71781.99999999999,4.5337435,34.81,39.46,38.4,39.56,30.2,19.7,19.36
657,40,71781.99999999999,4.5091643,34.83,39.45,38.44,38.64,30.2,19.7,19.36
658,40,71782.0,4.5290803,34.81,39.46,38.4,39.56,30.18,19.69,19.35
659,40,71782.0,4.7301027,34.81,39.46,38.4,38.64,30.2,19.7,19.36
660,40,71782.0,4.8058837,34.81,39.46,38.4,39.56,30.2,19.7,19.36
661,40,71782.0,4.5718354,34.81,39.46,38.4,38.65,30.16,19.7,19.35
662,40,71782.0,4.8073637,34.81,39.46,38.4,39.56,30.2,19.7,19.36
663,40,71782.0,4.5299192,34.85,38.86,38.41,38.64,30.2,19.7,19.36
664,40,71782.0,4.6228547,34.71,39.71,38.91,39.14,30.17,19.69,19.33
665,40,71782.0,4.4636607,34.99,38.79,39.96,38.65,30.2,19.7,19.36
666,40,71781.99999999999,4.3980318,34.94,39.4,39.93,39.56,30.2,19.7,19.36
667,40,71781.99999999999,4.4709071,34.93,39.4,39.92,38.67,30.08,19.67,19.32
668,40,71782.0,4.5985689,34.96,38.79,39.92,39.56,30.2,19.7,19.36
669,40,71782.0,4.3626194,34.93,39.4,39.91,38.64,30.2,19.7,19.36
670,40,71782.0,4.4628052,34.94,38.8,38.95,39.57,30.2,19.71,19.36
671,40,71782.0,4.5651287,34.93,39.4,39.91,38.64,30.2,19.7,19.36
672,40,71782.0,4.4890068,34.97,38.79,39.93,38.21,30.2,19.7,19.36
673,40,71782.0,4.5109487,34.78,38.16,39.88,38.66,30.2,19.7,19.33
674,40,71782.0,4.3910042,34.96,38.79,39.91,39.56,30.2,19.7,19.36
675,40,71782.0,4.5316139,34.93,39.4,39.91,38.64,30.2,19.7,19.36
676,40,71782.0,4.3937223,34.93,39.39,39.91,39.56,30.19,19.69,19.35
677,40,71782.0,4.7842611,34.89,40.0,39.9,38.64,30.2,19.7,19.36
678,40,71782.0,4.5107825,34.89,39.99,39.9,38.23,30.19,19.7,19.35
679,40,71782.0,4.5157762,34.7,39.29,39.87,38.69,30.2,19.7,19.33
680,40,71782.0,4.4273121,34.9,39.98,39.92,39.58,30.24,19.71,19.32
681,40,71782.0,4.5888659,34.89,40.0,39.9,38.64,30.17,19.7,19.34
682,40,71782.0,4.9004113,34.89,39.99,39.9,39.56,30.2,19.71,19.36
683,40,71782.0,4.4912385,34.89,40.0,39.9,38.64,30.2,19.7,19.36
684,40,71782.0,4.3909105,34.74,40.0,39.92,39.56,30.2,19.71,19.36
685,40,71775.70000000001,4.6719062,34.88,39.99,39.9,38.63,30.18,19.69,19.33
686,40,71782.0,4.4537646,34.92,39.4,38.98,39.57,30.2,19.71,19.36
687,40,71782.0,4.4361892,34.96,38.79,39.91,38.64,30.2,19.7,19.36
688,40,71781.99999999999,4.4569563,34.92,39.4,39.91,39.56,30.2,19.7,19.36
689,40,71782.0,4.5173977,34.96,38.79,39.91,38.65,30.2,19.71,19.36
690,40,71782.0,4.7881654,34.92,39.4,39.91,39.56,30.2,19.7,19.36
691,40,71782.0,4.7386568,34.96,38.79,39.91,38.64,30.2,19.7,19.36
692,40,71782.0,4.5959418,34.93,39.4,39.92,39.56,30.2,19.7,19.36
693,40,71782.0,4.6236039,34.92,39.4,39.91,38.64,30.2,19.7,19.36
694,40,71782.0,4.8702043,34.98,38.78,39.94,38.26,30.05,19.65,19.3
695,40,71782.0,4.398208,34.8,38.15,39.92,38.69,30.19,19.7,19.32
696,40,71782.0,4.4358247,34.74,38.76,38.93,39.58,30.2,19.7,19.33
697,40,71782.0,4.5721729,34.9,39.4,38.95,38.64,30.2,19.71,19.36
698,40,71782.0,4.3144601,34.96,38.79,39.91,39.56,30.2,19.7,19.36
699,40,71782.0,4.5286035,34.94,39.4,39.93,38.64,30.2,19.7,19.36
700,40,71782.0,4.6053689,34.93,39.4,39.91,38.2,30.2,19.7,19.36
701,40,71782.0,4.3510412,34.78,38.8,38.92,38.66,30.16,19.69,19.35
702,40,71782.0,4.4563504,34.93,39.4,39.91,39.56,30.2,19.7,19.36
703,40,71782.0,4.4708294,34.96,38.79,39.91,38.64,30.2,19.7,19.36
704,40,71782.0,4.4543273,34.94,39.4,39.93,38.22,30.2,19.7,19.35
705,40,71781.99999999999,4.7209613,34.69,39.99,39.88,38.67,30.06,19.67,19.34
706,40,71782.0,4.8734811,34.81,39.4,39.41,39.56,30.2,19.7,19.36
707,40,71782.0,4.7915791,34.75,39.42,39.86,38.64,30.2,19.7,19.36
708,40,71782.0,5.1687955,34.94,38.77,38.95,39.58,30.19,19.7,19.35
709,40,71782.0,4.4550833,34.93,39.4,39.91,38.64,30.17,19.7,19.35
710,40,71782.0,4.4388006,34.93,39.4,39.91,38.22,30.19,19.69,19.35
711,40,71782.0,4.5813952,34.74,39.41,38.91,39.05,30.05,19.67,19.33
712,40,71782.0,4.3448292,34.76,39.42,39.88,38.21,30.19,19.7,19.35
713,40,71782.0,4.4441642,34.59,39.45,38.87,39.06,30.03,19.65,19.3
714,40,71782.0,4.3886716,34.74,38.84,38.86,38.21,30.2,19.7,19.36
715,40,71782.0,4.4319381,34.82,38.21,39.88,38.66,30.21,19.71,19.34
716,40,71782.0,4.457502,34.96,38.76,39.91,39.56,30.2,19.71,19.36
717,40,71782.0,4.505656,34.93,39.4,39.91,38.64,30.2,19.7,19.36
718,40,71782.0,4.9697064,34.95,38.79,39.91,38.2,30.2,19.7,19.36
719,40,71782.0,4.6477549,34.78,38.17,39.88,38.66,30.2,19.7,19.33
720,40,71782.0,4.8308869,35.03,37.66,39.94,39.56,30.2,19.71,19.37
721,40,71782.0,4.880196,34.99,38.21,39.92,38.64,30.17,19.7,19.35
722,40,71782.0,5.1571806,34.96,38.79,39.91,39.56,30.19,19.7,19.36
723,40,71782.0,4.6830821,34.92,39.4,39.91,38.64,30.2,19.7,19.36
724,40,71781.99999999999,5.1066858,34.93,39.4,39.92,38.23,30.2,19.7,19.36
725,40,71782.0,4.4297125,34.77,38.79,38.92,39.06,30.19,19.7,19.34
726,40,71781.99999999999,4.4010503,34.92,39.39,39.9,38.22,30.2,19.7,19.36
727,40,71782.0,4.3950792,34.69,39.99,39.88,39.06,30.17,19.7,19.35
728,40,71782.0,4.4265,34.89,40.0,39.9,38.22,30.2,19.7,19.35
729,40,71782.0,4.3186364,34.7,39.3,39.87,38.67,30.17,19.7,19.35
730,40,71782.0,4.7937821,34.76,40.0,39.39,38.23,30.2,19.71,19.36
731,40,71782.0,4.6860906,34.55,40.0,38.44,39.05,30.18,19.71,19.35
732,40,71782.0,4.4436053,34.6,39.4,39.31,38.21,30.2,19.71,19.36
733,40,71782.0,4.6811977,34.39,39.41,38.37,39.03,30.21,19.72,19.38
734,40,71782.0,4.4932036,34.81,39.41,38.42,38.21,30.19,19.7,19.36
735,40,71782.0,4.4576348,34.8,39.42,38.39,37.84,30.1,19.68,19.33
736,40,71782.0,4.7115419,34.77,38.76,38.92,38.26,29.88,19.62,19.3
737,40,71781.99999999999,4.4496624,34.88,39.63,39.9,38.69,30.1,19.69,19.33
738,40,71782.0,4.3653351,34.87,39.98,39.89,39.57,30.18,19.72,19.37
739,40,71782.0,4.3855324,34.88,39.99,39.9,38.65,30.21,19.72,19.38
740,40,71781.99999999999,4.5014224,34.93,39.38,39.92,39.56,30.21,19.72,19.38
741,40,71782.0,4.4289361,34.93,39.39,39.91,38.65,30.2,19.71,19.37
742,40,71782.0,4.4931165,34.79,38.82,39.87,38.2,30.2,19.71,19.37
743,40,71782.0,4.4595714,34.78,38.19,39.85,38.67,30.17,19.7,19.35
744,40,71781.99999999999,4.4203899,34.73,38.79,38.91,38.21,30.2,19.71,19.36
745,40,71782.0,4.4047995,34.79,38.16,39.9,38.66,30.2,19.71,19.34
746,40,71782.00000000001,4.4580324,34.95,38.79,39.91,38.2,30.21,19.72,19.38
747,40,71782.0,4.5586914,34.79,38.16,39.9,38.66,30.16,19.7,19.34
748,40,71782.0,4.4425547,34.84,38.79,39.4,38.21,30.21,19.72,19.38
749,40,71782.0,4.3911375,34.79,38.16,39.89,38.66,30.22,19.72,19.36
750,40,71782.0,4.3923906,34.95,38.78,39.91,39.56,30.21,19.72,19.38
751,40,71782.0,4.5781936,34.77,38.16,39.87,39.59,30.19,19.72,19.37
752,40,71782.0,4.6344251,34.95,38.78,39.91,39.1,30.21,19.72,19.38
753,40,71782.0,4.4958533,34.79,38.16,39.9,39.6,30.22,19.73,19.36
754,40,71782.0,4.4275764,34.84,38.79,39.4,39.11,30.23,19.72,19.35
755,40,71782.0,4.3371962,34.78,38.16,39.88,39.61,30.28,19.74,19.36
756,40,71782.0,4.4441411,34.96,38.79,39.93,39.11,30.24,19.73,19.36
757,40,71782.0,4.5447145,34.77,38.16,39.87,39.61,30.22,19.71,19.34
758,40,71782.0,4.7637451,34.96,38.78,39.92,39.11,30.24,19.73,19.36
759,40,71782.0,4.6622626,34.77,38.16,39.87,39.6,30.28,19.74,19.36
760,40,71782.0,4.4998405,34.95,38.78,39.91,39.12,30.23,19.72,19.36
761,40,71782.0,4.5017212,34.78,38.16,39.89,39.6,30.22,19.71,19.33
762,40,71782.0,4.7837264,34.84,38.79,39.4,39.11,30.24,19.73,19.36
763,40,71782.00000000001,4.4584092,34.67,39.65,39.86,39.6,30.28,19.74,19.36
764,40,71781.99999999999,4.459317,34.73,38.79,38.92,39.12,30.33,19.75,19.35
765,40,71782.0,4.608207,34.78,38.16,39.88,39.61,30.34,19.75,19.35
766,40,71782.0,4.3663849,34.96,38.78,39.93,39.12,30.32,19.75,19.36
767,40,71782.0,4.8565679,34.78,38.16,39.88,39.62,30.18,19.72,19.35
768,40,71782.0,4.4403015,34.95,38.78,39.91,39.12,30.18,19.72,19.37
769,40,71782.0,4.3263063,34.77,38.16,39.87,39.61,30.19,19.72,19.35
770,40,71782.0,4.4608031,34.97,38.79,39.93,39.12,30.17,19.71,19.37
771,40,71782.0,4.5345375,34.77,38.16,39.87,39.61,30.19,19.72,19.35
772,40,71782.0,4.4151053,34.95,38.78,39.9,39.11,30.18,19.71,19.37
773,40,71782.0,4.383391,34.78,38.16,39.89,39.61,30.1,19.69,19.33
774,40,71782.0,4.4794939,34.95,38.78,39.91,39.12,30.18,19.72,19.37
775,40,71782.0,4.3941045,34.78,38.16,39.89,39.6,30.19,19.72,19.35
776,40,71782.00000000001,4.4191351,34.95,38.78,39.9,39.11,30.11,19.69,19.35
777,40,71782.0,4.6584967,34.77,38.16,39.87,39.61,30.15,19.72,19.36
778,40,71782.0,4.4576995,34.56,38.78,39.6,39.11,30.18,19.71,19.37
779,40,71782.0,4.6307754,34.54,38.15,39.94,39.61,30.19,19.72,19.35
780,40,71782.0,4.6206579,34.35,38.77,39.41,39.13,30.27,19.73,19.34
781,40,71782.0,4.5136837,34.43,38.15,39.26,39.64,30.34,19.75,19.35
782,40,71782.0,4.6067965,34.55,38.78,39.59,39.13,30.33,19.75,19.35
783,40,71782.0,4.5308256,34.52,38.15,39.93,39.62,30.36,19.77,19.36
784,40,71782.0,4.4023037,34.34,38.77,39.4,39.13,30.34,19.76,19.36
785,40,71782.0,4.4083137,34.52,38.15,39.92,39.63,30.33,19.75,19.36
786,40,71782.0,4.467023,34.33,38.77,39.38,39.12,30.26,19.73,19.35
787,40,71782.0,4.539753,34.46,39.37,39.9,38.67,30.13,19.69,19.33
788,40,71782.0,4.503666,34.4,39.99,39.02,38.22,30.23,19.72,19.35
789,40,71782.0,4.4773177,34.21,39.99,38.22,38.68,30.25,19.72,19.34
790,40,71782.0,4.4932413,34.6,39.38,38.45,39.57,30.24,19.72,19.36
791,40,71781.99999999999,4.5369662,34.41,39.97,39.3,39.62,30.25,19.72,19.35
792,40,71775.70000000001,4.5200279,34.74,39.98,39.38,39.11,30.17,19.7,19.33
793,40,71782.0,4.6166633,34.91,39.32,39.93,39.61,30.25,19.72,19.34
794,40,71782.0,4.5575911,34.94,38.76,39.91,39.11,30.24,19.73,19.36
795,40,71781.99999999999,4.5743523,34.78,38.14,39.89,39.6,30.28,19.74,19.36
796,40,71782.0,4.5048749,34.95,38.76,39.91,39.11,30.19,19.71,19.37
797,40,71782.0,4.5203983,34.78,38.14,39.89,39.6,30.28,19.74,19.36
798,40,71782.0,4.4750836,34.95,38.76,39.91,39.11,30.16,19.71,19.36
799,40,71782.0,4.5202964,34.79,38.14,39.9,38.67,30.28,19.74,19.36
800,40,71782.0,4.5458504,34.52,38.96,38.9,39.16,30.23,19.71,19.33
801,40,71781.99999999999,4.4920362,34.76,38.06,39.87,39.63,30.3,19.75,19.35
802,40,71782.0,4.6248313,34.94,38.69,39.91,39.12,30.33,19.76,19.37
803,40,71782.0,4.6746859,34.76,38.06,39.88,39.61,30.19,19.73,19.36
804,40,71782.0,4.5261166,34.95,38.7,39.93,39.11,30.18,19.72,19.38
805,40,71782.0,4.5094409,34.77,38.07,39.89,39.6,30.17,19.71,19.35
806,40,71782.0,4.5601288,34.94,38.69,39.91,39.12,30.18,19.72,19.38
807,40,71781.99999999999,4.6800734,34.76,38.06,39.88,39.6,30.2,19.73,19.37
808,40,71781.99999999999,4.4086793,34.95,38.7,39.93,39.12,30.25,19.74,19.37
809,40,71782.0,4.4766848,34.77,38.06,39.89,39.62,30.28,19.75,19.37
810,40,71782.0,4.4067873,34.94,38.69,39.91,39.12,30.25,19.74,19.37
811,40,71782.0,4.4310498,34.66,39.59,39.87,39.61,30.28,19.75,19.37
812,40,71782.0,4.5127099,34.88,39.96,39.9,39.12,30.21,19.72,19.36
813,40,71781.99999999999,4.4612452,34.71,39.26,39.89,39.62,30.22,19.73,19.34
814,40,71782.0,4.5561558,34.64,39.96,38.89,39.14,30.2,19.72,19.36
815,40,71782.0,4.5533424,34.71,39.26,39.89,39.62,30.34,19.76,19.37
816,40,71782.0,4.8927026,34.88,39.96,39.9,39.13,30.24,19.73,19.36
817,40,71782.0,4.6249603,34.71,39.26,39.89,39.64,30.16,19.72,19.34
818,40,71781.99999999999,4.5949184,34.88,39.96,39.91,39.13,30.15,19.71,19.36
819,40,71782.0,4.4653852,34.71,39.26,39.89,39.62,30.23,19.72,19.34
820,40,71782.0,4.5151654,34.83,38.7,39.42,39.13,30.25,19.74,19.37
821,40,71782.0,4.8979364,34.78,38.07,39.9,39.63,30.18,19.72,19.35
822,40,71781.99999999999,4.6070686,34.94,38.7,39.91,39.13,30.11,19.7,19.35
823,40,71782.0,4.6643254,34.78,38.07,39.91,39.63,30.03,19.67,19.32
824,40,71782.0,4.5154633,34.82,38.7,39.4,39.11,30.19,19.72,19.37
825,40,71782.0,4.5003341,34.78,38.07,39.9,39.61,30.27,19.75,19.37
826,40,71782.0,4.7119197,34.94,38.69,39.91,39.11,30.19,19.72,19.37
827,40,71781.99999999999,4.5488417,34.76,38.06,39.87,39.6,30.28,19.75,19.37
828,40,71782.0,4.5198483,34.95,38.7,39.93,39.12,30.24,19.73,19.37
829,40,71782.0,4.6963785,34.78,38.06,39.9,39.13,30.28,19.75,19.37
830,40,71782.0,4.6303761,34.84,38.7,39.42,38.68,30.35,19.77,19.37
831,40,71782.0,4.54635,34.95,38.73,39.91,39.57,30.21,19.72,19.36
832,40,71782.0,4.4832703,34.89,39.67,39.91,38.64,30.21,19.72,19.38
833,40,71782.0,4.8125184,34.97,38.78,39.93,38.22,30.2,19.71,19.37
834,40,71782.0,4.566157,34.77,38.15,39.88,38.68,30.11,19.69,19.35
835,40,71782.0,4.4751088,34.84,38.78,39.4,39.56,30.21,19.72,19.38
836,40,71781.99999999999,4.5730242,34.77,39.42,39.89,38.65,30.21,19.71,19.37
837,40,71782.0,4.5828097,34.96,38.79,39.91,38.2,30.2,19.71,19.36
838,40,71782.0,4.5265477,34.77,38.16,39.87,38.67,30.22,19.72,19.35
839,40,71782.0,4.5287876,34.57,38.78,39.62,39.56,30.2,19.71,19.37
840,40,71782.0,4.4059073,34.71,39.38,39.84,38.64,30.2,19.71,19.37
841,40,71782.0,4.3865816,34.95,38.79,39.91,38.21,30.19,19.7,19.36
842,40,71782.0,4.574161,34.77,38.16,39.87,38.66,30.2,19.7,19.34
843,40,71782.0,4.4901268,34.77,38.24,38.93,38.21,30.2,19.7,19.36
844,40,71782.0,5.3839872,34.96,38.8,39.01,39.05,30.1,19.68,19.33
845,40,71782.0,4.4325794,34.93,39.39,39.92,39.98,30.2,19.71,19.37
846,40,71781.99999999999,4.4757742,34.75,39.42,39.86,39.03,30.2,19.71,19.36
847,40,71782.0,4.6199243,34.96,38.79,39.91,38.2,30.2,19.7,19.36
848,40,71781.99999999999,4.4341353,34.79,38.85,38.93,38.66,30.19,19.69,19.34
849,40,71781.99999999999,4.5301449,34.89,39.69,39.9,39.12,30.2,19.7,19.33
850,40,71782.0,4.4641506,34.98,38.79,39.94,38.66,30.16,19.68,19.33
851,40,71782.0,4.4899147,34.92,39.4,39.91,39.56,30.2,19.7,19.36
852,40,71782.0,4.5654364,34.96,38.79,39.91,38.64,30.2,19.7,19.36
853,40,71782.0,4.5846983,34.94,39.4,39.93,39.56,30.2,19.7,19.36
854,40,71782.0,4.5230606,34.97,38.79,39.93,38.64,30.2,19.7,19.36
855,40,71782.0,4.4054706,34.93,39.4,39.91,39.56,30.2,19.7,19.36
856,40,71781.99999999999,4.5590238,34.94,39.4,39.92,38.65,30.2,19.71,19.36
857,40,71782.0,4.5806203,34.97,38.79,39.92,39.56,30.2,19.7,19.36
858,40,71782.0,4.9009232,34.94,39.4,39.92,38.64,30.2,19.7,19.36
859,40,71781.99999999999,4.4377769,34.92,39.4,38.96,38.22,30.2,19.7,19.36
860,40,71782.0,4.4871413,34.77,39.99,39.96,39.04,30.17,19.7,19.36
861,40,71782.0,4.4845789,34.93,39.4,38.99,38.22,30.2,19.7,19.36
862,40,71782.0,4.4518833,34.96,39.39,39.95,39.05,30.12,19.68,19.33
863,40,71782.0,4.6428686,34.92,40.0,39.94,38.22,30.2,19.71,19.36
864,40,71781.99999999999,4.43275,34.74,39.31,39.91,38.66,30.13,19.68,19.33
865,40,71782.0,4.4113705,34.64,40.0,39.44,39.56,30.2,19.7,19.36
866,40,71782.0,4.4922651,34.92,39.99,39.94,38.64,30.2,19.71,19.36
867,40,71782.0,4.5503602,34.91,39.96,39.94,39.56,30.2,19.71,19.37
868,40,71782.0,4.6716123,34.91,39.98,39.94,38.64,30.2,19.71,19.36
869,40,71782.0,4.5687286,34.92,40.0,39.94,39.56,30.2,19.71,19.36
870,40,71782.0,4.476358,34.92,39.99,39.94,38.64,30.2,19.7,19.36
871,40,71782.0,4.5238388,34.93,39.35,39.92,39.56,30.2,19.71,19.36
872,40,71782.0,4.4269867,34.92,39.99,39.94,38.64,30.2,19.7,19.36
873,40,71782.0,4.3700823,34.92,40.0,39.94,39.56,30.2,19.71,19.36
874,40,71782.0,4.4012234,34.9,39.99,39.91,38.64,30.2,19.7,19.36
875,40,71782.0,4.8316931,34.91,40.0,39.94,39.56,30.2,19.71,19.36
876,40,71782.0,4.4620863,34.93,39.37,39.92,38.64,30.2,19.7,19.36
877,40,71782.0,4.4651669,34.96,38.8,38.99,39.56,30.2,19.7,19.36
878,40,71782.0,4.6446697,34.95,39.4,39.94,38.65,30.19,19.7,19.34
879,40,71782.0,4.6024583,34.96,39.4,39.95,39.56,30.2,19.7,19.36
880,40,71782.0,4.513875,34.96,39.4,39.95,38.64,30.18,19.69,19.35
881,40,71782.0,4.5873938,34.93,39.4,38.99,38.2,30.2,19.7,19.36
882,40,71782.0,4.4534791,35.0,38.81,39.96,37.84,30.06,19.67,19.32
883,40,71782.0,4.486836,34.74,39.73,38.96,38.21,30.12,19.67,19.32
884,40,71782.0,4.601857,34.75,38.74,38.95,38.67,30.19,19.69,19.32
885,40,71782.0,4.4129698,34.71,39.72,38.9,39.56,30.2,19.71,19.36
886,40,71782.0,4.4366124,34.91,40.0,39.94,38.64,30.2,19.7,19.36
887,40,71782.0,4.4582187,34.95,39.37,39.94,38.22,30.2,19.7,19.36
888,40,71782.0,4.3818247,34.79,38.78,38.94,39.04,30.1,19.69,19.35
889,40,71782.0,4.5489485,34.95,39.37,39.94,38.2,30.2,19.7,19.36
890,40,71782.0,4.5496121,34.71,39.99,39.9,39.06,30.16,19.7,19.35
891,40,71782.0,4.3853352,34.92,39.99,39.94,38.21,30.2,19.7,19.36
892,40,71782.0,4.7724719,34.74,39.29,39.91,38.68,30.19,19.7,19.33
893,40,71782.00000000001,4.5333438,34.78,39.98,39.4,38.21,30.2,19.7,19.36
894,40,71782.0,4.5645876,34.72,39.29,39.88,38.68,30.21,19.71,19.34
895,40,71782.0,4.6391983,34.89,39.98,39.91,39.56,30.2,19.71,19.36
896,40,71782.0,4.5000833,34.91,40.0,39.93,38.64,30.2,19.7,19.36
897,40,71782.0,4.5507038,34.91,39.99,39.93,38.21,30.2,19.7,19.36
898,40,71782.0,4.4793258,34.72,39.29,39.89,38.67,30.19,19.7,19.33
899,40,71782.0,4.4574318,34.89,39.98,39.9,39.56,30.2,19.71,19.36
900,40,71782.0,4.4382309,34.89,40.0,39.9,38.64,30.2,19.7,19.36
901,40,71782.0,4.4670163,34.89,39.99,39.9,39.56,30.2,19.71,19.36
902,40,71782.0,4.4585804,34.89,40.0,39.9,38.64,30.2,19.7,19.36
903,40,71781.99999999999,4.5551607,34.89,39.99,39.9,38.2,30.2,19.7,19.36
904,40,71782.0,4.5133666,34.91,40.0,39.93,39.04,30.2,19.71,19.36
905,40,71782.0,4.3569223,34.92,39.37,39.91,38.22,30.19,19.7,19.36
906,40,71782.0,4.5803049,34.69,39.98,39.89,39.03,30.2,19.71,19.37
907,40,71782.0,4.4014623,34.89,40.0,39.9,38.22,30.2,19.71,19.36
908,40,71781.99999999999,4.5724463,34.73,39.3,39.9,38.59,30.16,19.69,19.35
909,40,71781.99999999999,4.9608178,34.47,39.95,38.86,38.7,30.05,19.67,19.33
910,40,71781.99999999999,4.5460395,34.86,39.98,38.94,38.21,30.17,19.71,19.36
911,40,71782.0,4.8944638,34.93,39.27,39.96,38.66,30.18,19.71,19.34
912,40,71782.0,4.5678135,34.88,39.97,39.9,39.56,30.17,19.71,19.37
913,40,71782.0,4.8955475,34.63,39.37,39.37,38.64,30.19,19.7,19.35
914,40,71782.0,4.5707254,34.73,39.98,38.51,39.11,30.2,19.71,19.37
915,40,71781.99999999999,4.8897583,34.81,39.36,39.42,38.65,30.17,19.7,19.34
916,40,71782.0,5.0292644,34.95,39.4,39.95,38.21,30.2,19.7,19.36
917,40,71782.0,4.835072,34.74,39.4,38.91,39.06,30.19,19.7,19.35
918,40,71782.0,4.7986497,34.96,38.79,39.92,38.2,30.2,19.7,19.36
919,40,71781.99999999999,4.8698676,34.78,38.16,39.88,38.66,30.21,19.71,19.34
920,40,71782.0,4.8577957,34.84,38.79,39.4,39.56,30.13,19.69,19.34
921,40,71782.0,5.1263818,34.88,38.17,39.47,39.59,30.17,19.7,19.35
922,40,71782.0,5.0343018,34.96,38.79,39.91,39.1,30.2,19.71,19.36
923,40,71782.0,4.9824137,34.8,38.17,39.91,39.6,30.21,19.71,19.34
924,40,71782.0,4.5663913,34.81,38.73,39.95,39.1,30.2,19.71,19.37
925,40,71782.0,4.4888892,34.77,38.1,39.91,39.59,30.18,19.71,19.36
926,40,71782.0,4.621969,34.95,38.73,39.94,39.1,30.21,19.71,19.37
927,40,71781.99999999999,4.7666505,34.77,38.1,39.91,39.61,30.22,19.72,19.36
928,40,71782.0,4.8269368,34.95,38.73,39.94,39.1,30.21,19.71,19.37
929,40,71782.0,4.7189246,34.77,38.1,39.91,39.61,30.09,19.67,19.32
930,40,71782.0,5.007253,34.97,38.73,39.96,39.13,29.98,19.66,19.31
931,40,71782.0,4.5649825,34.77,38.1,39.92,39.61,30.18,19.71,19.33
932,40,71781.99999999999,4.6409588,34.96,38.73,39.94,39.11,30.23,19.72,19.35
933,40,71782.0,4.5403637,34.77,38.1,39.93,39.61,30.19,19.71,19.34
934,40,71781.99999999999,4.6932168,34.97,38.73,39.97,39.12,30.2,19.71,19.37
935,40,71782.0,4.5295181,34.77,38.1,39.91,39.61,30.22,19.72,19.35
936,40,71782.0,4.5840311,34.96,38.73,39.96,39.13,30.34,19.75,19.35
937,40,71782.0,4.6588306,34.78,38.1,39.92,39.63,30.34,19.75,19.34
938,40,71782.0,4.6163949,34.85,38.73,39.46,39.14,30.36,19.77,19.37
939,40,71782.0,4.7046679,34.76,38.09,39.91,39.62,30.35,19.76,19.35
940,40,71781.99999999999,4.6389914,34.95,38.72,39.94,39.13,30.28,19.75,19.35
941,40,71782.0,4.6230985,34.76,38.09,39.91,39.63,30.37,19.78,19.37
942,40,71782.0,4.6426619,34.95,38.72,39.94,39.13,30.34,19.75,19.35
943,40,71782.0,4.5715042,34.78,38.1,39.94,39.63,30.36,19.77,19.36
944,40,71782.0,4.5461176,34.95,38.72,39.94,39.12,30.36,19.77,19.37
945,40,71781.99999999999,4.7881992,34.78,38.1,39.94,39.62,30.36,19.77,19.36
946,40,71782.0,4.6936127,34.95,38.72,39.94,39.12,30.36,19.77,19.37
947,40,71782.0,4.8196608,34.78,38.1,39.93,39.63,30.27,19.74,19.35
948,40,71782.0,4.8097254,34.96,38.72,39.94,39.13,30.36,19.77,19.37
949,40,71781.99999999999,4.9143419,34.78,38.09,39.93,39.62,30.37,19.77,19.37
950,40,71782.0,5.296912,34.96,38.72,39.95,39.13,30.35,19.76,19.36
951,40,71781.99999999999,4.8359142,34.79,38.1,39.94,39.63,30.35,19.76,19.35
952,40,71782.0,4.8313163,34.96,38.72,39.95,39.15,30.26,19.73,19.34
953,40,71782.0,4.7570817,34.76,38.09,39.91,39.63,30.37,19.77,19.36
954,40,71781.99999999999,4.6108611,34.97,38.72,39.96,39.14,30.36,19.77,19.36
955,40,71781.99999999999,4.8043016,34.8,38.1,39.96,39.63,30.35,19.76,19.36
956,40,71782.0,4.6908532,34.97,38.72,39.97,39.14,30.37,19.77,19.37
957,40,71782.0,4.9142649,34.77,38.09,39.92,39.62,30.37,19.77,19.37
958,40,71782.0,4.8713464,34.95,38.72,39.94,39.14,30.36,19.77,19.37
959,40,71782.0,4.9284515,34.78,38.09,39.93,39.63,30.37,19.78,19.37
960,40,71782.0,4.708975,34.95,38.72,39.94,39.13,30.32,19.75,19.35
961,40,71782.0,5.0809666,34.79,38.1,39.94,39.62,30.35,19.77,19.37
962,40,71782.0,4.9883024,34.95,38.72,39.94,39.14,30.37,19.78,19.37
963,40,71782.0,5.0560244,34.76,38.09,39.91,39.63,30.36,19.77,19.37
964,40,71781.99999999999,4.818424,34.96,38.72,39.96,39.15,30.37,19.78,19.37
965,40,71782.0,4.7373982,34.76,38.09,39.91,39.63,30.29,19.76,19.36
966,40,71781.99999999999,4.6677569,34.55,38.96,39.91,39.14,30.37,19.78,19.37
967,40,71782.0,4.7107067,34.93,39.37,39.94,38.68,30.28,19.75,19.36
968,40,71782.0,4.8064972,34.95,38.78,39.91,38.23,30.36,19.77,19.37
969,40,71781.99999999999,5.7203157,34.77,38.16,39.87,38.69,30.37,19.77,19.37
970,40,71782.0,4.9850424,34.84,38.79,39.4,38.24,30.36,19.77,19.37
971,40,71782.0,5.006924,34.8,38.16,39.91,38.69,30.37,19.77,19.37
972,40,71781.99999999999,4.949527,34.95,38.78,39.91,39.58,30.37,19.77,19.37
973,40,71782.0,5.6700937,34.83,38.79,39.39,38.67,30.36,19.77,19.37
974,40,71782.0,4.9423876,34.55,39.71,38.45,39.61,30.36,19.77,19.37
975,40,71781.99999999999,5.058189,34.93,38.79,38.94,38.67,30.36,19.77,19.37
976,40,71781.99999999999,5.1901877,34.92,39.39,39.91,39.58,30.36,19.77,19.37
977,40,71781.99999999999,4.8316571,34.96,38.79,39.91,38.68,30.36,19.77,19.36
978,40,71782.0,4.9768919,34.92,39.38,39.91,38.23,30.36,19.76,19.36
979,40,71782.0,4.8852507,34.68,39.98,39.88,38.69,30.29,19.73,19.33
980,40,71782.0,5.200976,34.88,39.99,39.9,38.24,30.07,19.68,19.32
981,40,71782.0,5.1247635,34.89,39.68,39.91,39.03,30.14,19.7,19.35
982,40,71782.0,5.0482283,34.93,38.8,38.94,38.2,30.17,19.7,19.35
983,40,71782.0,5.286838,35.0,38.17,39.97,38.67,30.18,19.71,19.33
984,40,71782.0,5.1555598,34.72,38.98,38.91,39.12,30.14,19.7,19.35
985,40,71781.99999999999,4.8771857,34.97,38.09,39.94,39.61,30.19,19.72,19.35
986,40,71782.0,5.9228845,34.92,38.7,38.94,39.11,30.17,19.71,19.36
987,40,71781.99999999999,4.5431248,34.74,38.07,38.94,39.6,30.19,19.71,19.35
988,40,71782.0,4.9435228,34.94,38.7,38.98,39.12,30.24,19.72,19.34
989,40,71782.0,4.6186717,34.88,39.59,39.94,39.61,30.27,19.73,19.34
990,40,71782.0,5.116034,34.94,38.69,39.91,39.12,30.31,19.74,19.34
991,40,71781.99999999999,5.2302137,34.76,38.06,39.88,39.61,30.34,19.75,19.35
992,40,71782.0,4.7058889,34.96,38.7,39.93,39.13,30.26,19.72,19.34
993,40,71782.0,4.5331947,34.75,38.06,39.87,39.61,30.34,19.75,19.35
994,40,71782.0,4.6704039,34.95,38.7,39.93,39.14,30.16,19.7,19.32
995,40,71782.0,4.5873294,34.77,38.07,39.88,39.61,30.34,19.75,19.35
996,40,71782.0,4.5369715,34.72,38.7,38.91,39.13,30.26,19.73,19.34
997,40,71782.0,4.6877143,34.78,38.06,39.9,39.61,30.34,19.76,19.36
998,40,71782.0,4.5119504,34.94,38.69,39.91,39.13,30.25,19.72,19.34
999,40,71782.0,4.7151603,34.77,38.06,39.89,39.61,30.34,19.76,19.36
1000,40,71782.0,4.5629705,34.94,38.69,39.91,39.13,30.31,19.74,19.34
